antecedents,consequents,antecedent support,consequent support,support,confidence,lift,representativity,leverage,conviction,zhangs_metric,jaccard,certainty,kulczynski
frozenset({'智能手表'}),frozenset({'游戏机'}),0.05992,0.06047,0.0187,0.3120827770360481,5.160952158691055,1.0,0.015076637600000001,1.3657602523047065,0.8576262709693155,0.18389222145737044,0.2678070705949231,0.31066351519240804
frozenset({'游戏机'}),frozenset({'智能手表'}),0.06047,0.05992,0.0187,0.309244253348768,5.160952158691054,1.0,0.015076637600000001,1.3609441608810153,0.8581283246014861,0.18389222145737044,0.26521599581819416,0.31066351519240804
frozenset({'枕头'}),frozenset({'餐具'}),0.0595,0.05942,0.01819,0.30571428571428577,5.14497283262009,1.0,0.01465451,1.3547448559670783,0.8566034173510808,0.18058175320162811,0.26185362830836906,0.30592008462759057
frozenset({'餐具'}),frozenset({'枕头'}),0.05942,0.0595,0.01819,0.3061258835408953,5.144972832620089,1.0,0.01465451,1.3554331797235022,0.8565305598871884,0.18058175320162811,0.26222847798074994,0.30592008462759057
frozenset({'零食'}),frozenset({'水果'}),0.06006,0.0596,0.01838,0.30602730602730605,5.134686342740034,1.0,0.014800424,1.355096545105566,0.8566995096554562,0.18147709320695102,0.26204519994396647,0.30720828388613625
frozenset({'水果'}),frozenset({'零食'}),0.0596,0.06006,0.01838,0.30838926174496645,5.134686342740034,1.0,0.014800424,1.3590592916060165,0.8562804520475855,0.18147709320695102,0.2641969293199209,0.30720828388613625
frozenset({'耳机'}),frozenset({'电视'}),0.0595,0.06,0.0183,0.30756302521008405,5.126050420168068,1.0,0.01473,1.35752427184466,0.8558405452279481,0.1808300395256917,0.26336492043625964,0.306281512605042
frozenset({'电视'}),frozenset({'耳机'}),0.06,0.0595,0.0183,0.305,5.126050420168068,1.0,0.01473,1.3532374100719424,0.8562957795605163,0.1808300395256917,0.26103136629452417,0.306281512605042
frozenset({'零食'}),frozenset({'面包'}),0.06006,0.05952,0.01832,0.305028305028305,5.124803511900286,1.0,0.0147452288,1.3532637470052706,0.8562999422150239,0.18092040292316808,0.2610457479460542,0.3064120019765181
frozenset({'面包'}),frozenset({'零食'}),0.05952,0.06006,0.01832,0.30779569892473113,5.124803511900285,1.0,0.0147452288,1.3578939029126214,0.8558082762903938,0.18092040292316808,0.2635654392032801,0.3064120019765181
frozenset({'内衣'}),frozenset({'牛仔裤'}),0.05904,0.06144,0.01855,0.31419376693766937,5.113830842084463,1.0,0.0149225824,1.368549824648061,0.8549267571433612,0.18198763857549297,0.269299530064854,0.30805716992716803
frozenset({'牛仔裤'}),frozenset({'内衣'}),0.06144,0.05904,0.01855,0.3019205729166667,5.113830842084463,1.0,0.0149225824,1.3479268454185127,0.8571128978452281,0.18198763857549297,0.2581199763185116,0.30805716992716803
frozenset({'枕头'}),frozenset({'花瓶'}),0.0595,0.0599,0.01817,0.3053781512605042,5.098132742245479,1.0,0.01460595,1.3533982579240262,0.8547046808495699,0.17949224538180378,0.26111919078875034,0.3043585247120551
frozenset({'花瓶'}),frozenset({'枕头'}),0.0599,0.0595,0.01817,0.303338898163606,5.098132742245479,1.0,0.01460595,1.3500107836089146,0.8550683462812683,0.17949224538180378,0.259265176144185,0.3043585247120551
frozenset({'床单'}),frozenset({'花瓶'}),0.06073,0.0599,0.01852,0.3049563642351391,5.091091222623358,1.0,0.014882272999999998,1.3525769485903816,0.8555351024982614,0.18137302908627947,0.2606705289172844,0.3070691670925278
frozenset({'花瓶'}),frozenset({'床单'}),0.0599,0.06073,0.01852,0.3091819699499165,5.091091222623358,1.0,0.014882272999999998,1.3596489366843887,0.8547797635608362,0.18137302908627947,0.26451602835171617,0.3070691670925278
frozenset({'洗面奶'}),frozenset({'香水'}),0.06004,0.05909,0.01805,0.30063291139240506,5.087712157596972,1.0,0.0145022364,1.3453735746606337,0.8547682880122558,0.17857142857142858,0.2567120249464933,0.3030495746672636
frozenset({'香水'}),frozenset({'洗面奶'}),0.05909,0.06004,0.01805,0.3054662379421222,5.087712157596972,1.0,0.0145022364,1.3533683333333335,0.8539052619272832,0.17857142857142858,0.26110285325133215,0.3030495746672636
frozenset({'窗帘'}),frozenset({'收纳盒'}),0.06061,0.0603,0.01858,0.30655007424517405,5.0837491582947605,1.0,0.014925217,1.355108660480609,0.855123834970157,0.18156943222906285,0.26205179764305,0.3073380553647097
frozenset({'收纳盒'}),frozenset({'窗帘'}),0.0603,0.06061,0.01858,0.3081260364842454,5.0837491582947605,1.0,0.014925217,1.3577472914669222,0.8548417360142766,0.18156943222906285,0.26348591797256243,0.3073380553647097
frozenset({'速食面'}),frozenset({'饼干'}),0.05888,0.05936,0.01775,0.3014605978260869,5.078514114320871,1.0,0.014254883199999999,1.3465811621687334,0.8533364621595606,0.17663449099412873,0.25737859098708,0.30024175443864987
frozenset({'饼干'}),frozenset({'速食面'}),0.05936,0.05888,0.01775,0.29902291105121287,5.07851411432087,1.0,0.014254883199999999,1.3425831098293677,0.853771911961649,0.17663449099412873,0.25516715302109494,0.30024175443864987
frozenset({'毛巾'}),frozenset({'灯具'}),0.05985,0.05925,0.018,0.3007518796992481,5.075981091970433,1.0,0.014453887499999998,1.3453736559139784,0.8541123756847311,0.17804154302670622,0.25671206983709605,0.3022746740268393
frozenset({'灯具'}),frozenset({'毛巾'}),0.05925,0.05985,0.018,0.3037974683544304,5.075981091970433,1.0,0.014453887499999998,1.3503972727272728,0.8535676322083444,0.17804154302670622,0.25947717742320947,0.3022746740268393
frozenset({'巧克力'}),frozenset({'速食面'}),0.05957,0.05888,0.01777,0.29830451569582006,5.066313106246944,1.0,0.0142625184,1.3412085741626794,0.8534583172482951,0.1764998013508145,0.25440381215553814,0.3000523937174753
frozenset({'速食面'}),frozenset({'巧克力'}),0.05888,0.05957,0.01777,0.30180027173913043,5.066313106246944,1.0,0.0142625184,1.346935499878375,0.8528325880757122,0.1764998013508145,0.2575739520635565,0.3000523937174753
frozenset({'笔记本电脑'}),frozenset({'手机'}),0.05902,0.0598,0.01786,0.3026092849881396,5.060355936256515,1.0,0.014330604,1.3481682215743442,0.8527125362167393,0.17690174326465927,0.25825280258257777,0.3006357461729996
frozenset({'手机'}),frozenset({'笔记本电脑'}),0.0598,0.05902,0.01786,0.29866220735785953,5.060355936256515,1.0,0.014330604,1.341692989985694,0.8534199556788207,0.17690174326465927,0.25467300830821005,0.3006357461729996
frozenset({'饼干'}),frozenset({'零食'}),0.05936,0.06006,0.01804,0.30390835579514824,5.060079184068402,1.0,0.0144748384,1.350310706679574,0.8530092640610025,0.17794436772538963,0.2594297038057198,0.3021373280807243
frozenset({'零食'}),frozenset({'饼干'}),0.06006,0.05936,0.01804,0.30036630036630035,5.060079184068402,1.0,0.0144748384,1.3444749738219897,0.8536445242742531,0.17794436772538963,0.2562152368241839,0.3021373280807243
frozenset({'电视'}),frozenset({'智能手表'}),0.06,0.05992,0.01819,0.3031666666666667,5.05952380952381,1.0,0.014594800000000002,1.349074384118632,0.853566958698373,0.17880664504079427,0.25875102828128105,0.30336904761904765
frozenset({'智能手表'}),frozenset({'电视'}),0.05992,0.06,0.01819,0.3035714285714286,5.05952380952381,1.0,0.014594800000000002,1.3497435897435897,0.8534943208838296,0.17880664504079427,0.2591185410334347,0.30336904761904765
frozenset({'粉底液'}),frozenset({'指甲油'}),0.05925,0.06015,0.01801,0.30396624472573847,5.053470402755419,1.0,0.014446112500000002,1.3502937075654706,0.8526347971857842,0.1776309300719992,0.2594203806200335,0.3016921830444985
frozenset({'指甲油'}),frozenset({'粉底液'}),0.06015,0.05925,0.01801,0.2994181213632585,5.053470402755418,1.0,0.014446112500000002,1.34281235168486,0.8534512799409762,0.1776309300719992,0.25529430918231044,0.3016921830444985
frozenset({'口红'}),frozenset({'防晒霜'}),0.06037,0.06131,0.0187,0.30975650157362933,5.052299813629576,1.0,0.014998715300000002,1.3599403719702425,0.8536023082472842,0.18158865799184307,0.2646736426015291,0.3073819206612234
frozenset({'防晒霜'}),frozenset({'口红'}),0.06131,0.06037,0.0187,0.3050073397488175,5.052299813629576,1.0,0.014998715300000002,1.3519998896972543,0.8544571018103908,0.18158865799184307,0.2603549692419543,0.3073819206612234
frozenset({'游戏机'}),frozenset({'相机'}),0.06047,0.05941,0.01815,0.3001488341326277,5.052160143622753,1.0,0.0145574773,1.3439857585066162,0.8536873383646867,0.17841344736066056,0.2559444966804109,0.3028264790087478
frozenset({'相机'}),frozenset({'游戏机'}),0.05941,0.06047,0.01815,0.30550412388486786,5.052160143622753,1.0,0.0145574773,1.3528230077556958,0.8527252735131928,0.17841344736066056,0.26080500237870835,0.3028264790087478
frozenset({'毛衣'}),frozenset({'羽绒服'}),0.06024,0.05911,0.01795,0.29797476759628155,5.0410212755249795,1.0,0.0143892136,1.34025097186096,0.8530130018379611,0.17702169625246547,0.2538710875833323,0.30082294461695314
frozenset({'羽绒服'}),frozenset({'毛衣'}),0.05911,0.06024,0.01795,0.3036711216376248,5.0410212755249795,1.0,0.0143892136,1.3495921671525755,0.8519885412824478,0.17702169625246547,0.2590354150396109,0.30082294461695314
frozenset({'果汁'}),frozenset({'糖果'}),0.05967,0.05952,0.0179,0.29998324115971176,5.04004101410806,1.0,0.0143484416,1.3435106918841273,0.852454900089455,0.17672030802645866,0.2556813979666891,0.3003612442357698
frozenset({'糖果'}),frozenset({'果汁'}),0.05952,0.05967,0.0179,0.30073924731182794,5.04004101410806,1.0,0.0143484416,1.3447487169629986,0.8523189394789016,0.17672030802645866,0.2563666450201822,0.3003612442357698
frozenset({'充电器'}),frozenset({'平板电脑'}),0.05913,0.06007,0.0179,0.30272281413833924,5.039500818017967,1.0,0.0143480609,1.3480005069124423,0.851943039999886,0.17670286278381045,0.25816051635583415,0.3003542487538708
frozenset({'平板电脑'}),frozenset({'充电器'}),0.06007,0.05913,0.0179,0.29798568336940234,5.039500818017966,1.0,0.0143480609,1.3402433222670145,0.8527950464871774,0.17670286278381045,0.2538668289661721,0.3003542487538708
frozenset({'香水'}),frozenset({'防晒霜'}),0.05909,0.06131,0.01824,0.3086816720257235,5.034768749400155,1.0,0.014617192099999999,1.357826,0.8517086074474002,0.17854346123727485,0.2635286111769844,0.3030930787138893
frozenset({'防晒霜'}),frozenset({'香水'}),0.06131,0.05909,0.01824,0.2975044854020551,5.034768749400154,1.0,0.014617192099999999,1.3393822173206409,0.853722896625439,0.17854346123727485,0.25338713097113974,0.3030930787138893
frozenset({'餐具'}),frozenset({'毛巾'}),0.05942,0.05985,0.0179,0.30124537192864353,5.033339547679925,1.0,0.014343713,1.3454651493256262,0.8519474670983349,0.17658084245832098,0.2567626144005143,0.30016320392589235
frozenset({'毛巾'}),frozenset({'餐具'}),0.05985,0.05942,0.0179,0.29908103592314117,5.033339547679925,1.0,0.014343713,1.3419240286054825,0.8523371255686347,0.17658084245832098,0.25480133101186625,0.30016320392589235
frozenset({'T恤'}),frozenset({'牛仔裤'}),0.06009,0.06144,0.01858,0.309202862373107,5.032598671437288,1.0,0.0148880704,1.3586622596964586,0.8525236464536106,0.18047595920349685,0.2639819109839616,0.3058058582698868
frozenset({'牛仔裤'}),frozenset({'T恤'}),0.06144,0.06009,0.01858,0.30240885416666663,5.032598671437288,1.0,0.0148880704,1.3473651516565561,0.8537498940272473,0.18047595920349685,0.25781069907402476,0.3058058582698868
frozenset({'毛衣'}),frozenset({'休闲裤'}),0.06024,0.06005,0.0182,0.30212483399734397,5.031221215609392,1.0,0.014582588,1.346874119885823,0.8526018333415967,0.17827407189734545,0.25754011808856214,0.30260280001282686
frozenset({'休闲裤'}),frozenset({'毛衣'}),0.06005,0.06024,0.0182,0.30308076602830974,5.031221215609391,1.0,0.014582588,1.348448936678614,0.8524294897612629,0.17827407189734545,0.2584072167663124,0.30260280001282686
frozenset({'粉底液'}),frozenset({'眼影'}),0.05925,0.06007,0.0179,0.30210970464135023,5.029294234082741,1.0,0.0143408525,1.3468162636033858,0.8516236451066471,0.17649378820745415,0.25750822363511133,0.3000476940053763
frozenset({'眼影'}),frozenset({'粉底液'}),0.06007,0.05925,0.0179,0.29798568336940234,5.02929423408274,1.0,0.0143408525,1.3400723855821672,0.8523666061664997,0.17649378820745415,0.2537716538606456,0.3000476940053763
frozenset({'游戏机'}),frozenset({'笔记本电脑'}),0.06047,0.05902,0.01794,0.29667603770464696,5.0267034514511515,1.0,0.0143710606,1.3379040818245944,0.8526204206019138,0.17666174298375184,0.25256226243347035,0.300320397706949
frozenset({'笔记本电脑'}),frozenset({'游戏机'}),0.05902,0.06047,0.01794,0.3039647577092511,5.026703451451151,1.0,0.0143710606,1.3498310759493668,0.851306578001781,0.17666174298375184,0.2591665595662204,0.300320397706949
frozenset({'饼干'}),frozenset({'肉类'}),0.05936,0.06003,0.01791,0.30171832884097033,5.026125751140602,1.0,0.014346619199999999,1.3461186779252112,0.8515899791524385,0.17648797792668505,0.2571234495153785,0.3000345767143382
frozenset({'肉类'}),frozenset({'饼干'}),0.06003,0.05936,0.01791,0.2983508245877061,5.026125751140602,1.0,0.014346619199999999,1.3406129914529914,0.8521969828717404,0.17648797792668505,0.2540725724907575,0.3000345767143382
frozenset({'指甲油'}),frozenset({'护肤霜'}),0.06015,0.06078,0.01837,0.30540315876974233,5.024731141325145,1.0,0.014714083000000001,1.3521800622307323,0.852247035911202,0.17911466458658346,0.2604535239557743,0.3038203684602249
frozenset({'护肤霜'}),frozenset({'指甲油'}),0.06078,0.06015,0.01837,0.3022375781507075,5.024731141325145,1.0,0.014714083000000001,1.3469484319735912,0.8528186971115853,0.17911466458658346,0.25758108011992076,0.3038203684602249
frozenset({'速食面'}),frozenset({'肉类'}),0.05888,0.06003,0.01776,0.3016304347826087,5.024661582252352,1.0,0.014225433600000002,1.345949260700389,0.8510940386152899,0.17558082056351954,0.25702994221369696,0.2987412543728136
frozenset({'肉类'}),frozenset({'速食面'}),0.06003,0.05888,0.01776,0.2958520739630185,5.024661582252352,1.0,0.014225433600000002,1.336537345635202,0.8521353039156799,0.17558082056351954,0.2517979364618949,0.2987412543728136
frozenset({'餐具'}),frozenset({'床单'}),0.05942,0.06073,0.01811,0.3047795355099293,5.018599300344629,1.0,0.014501423400000001,1.3510390559186638,0.8513270692534968,0.17747941983535867,0.25982894749106145,0.3014923529682036
frozenset({'床单'}),frozenset({'餐具'}),0.06073,0.05942,0.01811,0.2982051704264779,5.018599300344629,1.0,0.014501423400000001,1.3402492585640544,0.852514415235719,0.17747941983535867,0.2538701337754129,0.3014923529682036
frozenset({'地毯'}),frozenset({'窗帘'}),0.05887,0.06061,0.01789,0.3038899269577034,5.013857894038994,1.0,0.0143218893,1.3494848535871153,0.8506293324812007,0.17610000984348853,0.25897649214671586,0.2995278705898895
frozenset({'窗帘'}),frozenset({'地毯'}),0.06061,0.05887,0.01789,0.29516581422207555,5.013857894038994,1.0,0.0143218893,1.3352502176966292,0.8522049241295229,0.17610000984348853,0.2510766995229942,0.2995278705898895
frozenset({'平板电脑'}),frozenset({'电视'}),0.06007,0.06,0.01806,0.3006492425503579,5.0108207091726324,1.0,0.0144558,1.3441037848131399,0.8515867071885221,0.17704146652288993,0.2560098325003808,0.30082462127517895
frozenset({'电视'}),frozenset({'平板电脑'}),0.06,0.06007,0.01806,0.301,5.010820709172632,1.0,0.0144558,1.3446781115879827,0.8515232911571358,0.17704146652288993,0.2563275988637451,0.30082462127517895
frozenset({'牛奶'}),frozenset({'面包'}),0.0605,0.05952,0.01804,0.2981818181818182,5.009775171065494,1.0,0.01443904,1.3400621761658031,0.8519321382676306,0.1768974308687978,0.2537659686349717,0.3006366080156403
frozenset({'面包'}),frozenset({'牛奶'}),0.05952,0.0605,0.01804,0.3030913978494624,5.009775171065494,1.0,0.01443904,1.3480964320154292,0.851044407007527,0.1768974308687978,0.25821330266041764,0.3006366080156403
frozenset({'笔记本电脑'}),frozenset({'耳机'}),0.05902,0.0595,0.01759,0.29803456455438837,5.0089842782250145,1.0,0.014078310000000002,1.3398095582910934,0.8505587010873511,0.1742792034083028,0.25362526800041296,0.29683240832761437
frozenset({'耳机'}),frozenset({'笔记本电脑'}),0.0595,0.05902,0.01759,0.2956302521008404,5.0089842782250145,1.0,0.014078310000000002,1.3359176807444526,0.8509927980320847,0.1742792034083028,0.25145088322901693,0.29683240832761437
frozenset({'牛仔裤'}),frozenset({'外套'}),0.06144,0.05958,0.01833,0.29833984375,5.007382406008728,1.0,0.014669404799999999,1.340278469032707,0.8526837505154673,0.17849839322231958,0.2538863951744965,0.3029967093875881
frozenset({'外套'}),frozenset({'牛仔裤'}),0.05958,0.06144,0.01833,0.3076535750251762,5.007382406008727,1.0,0.014669404799999999,1.3556219345454543,0.8509972787518312,0.17849839322231958,0.262331204211959,0.3029967093875881
frozenset({'口红'}),frozenset({'粉底液'}),0.06037,0.05925,0.01791,0.2966705317210535,5.007097581789933,1.0,0.0143330775,1.3375665920866697,0.8517006703037588,0.17608888014944446,0.2523736717736418,0.29947450636685585
frozenset({'粉底液'}),frozenset({'口红'}),0.05925,0.06037,0.01791,0.3022784810126582,5.007097581789932,1.0,0.0143330775,1.346712082728592,0.8506866870449333,0.17608888014944446,0.257450784896883,0.29947450636685585
frozenset({'洗发水'}),frozenset({'口红'}),0.06028,0.06037,0.01822,0.3022561380225614,5.006727480910409,1.0,0.0145808964,1.3466689586305278,0.8516033900001416,0.17787757492921993,0.2574270063988606,0.30203083528592045
frozenset({'口红'}),frozenset({'洗发水'}),0.06037,0.06028,0.01822,0.30180553254927944,5.006727480910409,1.0,0.0145808964,1.3459287402135232,0.8516849586017189,0.17787757492921993,0.25701861463976444,0.30203083528592045
frozenset({'电视'}),frozenset({'笔记本电脑'}),0.06,0.05902,0.01772,0.29533333333333334,5.003953462103242,1.0,0.0141788,1.3353547776726584,0.8512319293021469,0.1749259624876604,0.2511353411691357,0.2977852705297639
frozenset({'笔记本电脑'}),frozenset({'电视'}),0.05902,0.06,0.01772,0.3002372077261945,5.003953462103242,1.0,0.0141788,1.343312348668281,0.8503453989925589,0.1749259624876604,0.255571497581058,0.2977852705297639
frozenset({'智能手表'}),frozenset({'相机'}),0.05992,0.05941,0.01781,0.29722963951935916,5.003023725287985,1.0,0.014250152799999999,1.3384030586559015,0.8511199854399718,0.17543341213553978,0.2528409184866511,0.29850541056930757
frozenset({'相机'}),frozenset({'智能手表'}),0.05941,0.05992,0.01781,0.29978118161925604,5.003023725287985,1.0,0.014250152799999999,1.3425517500000002,0.8506584972330224,0.17543341213553978,0.2551497549349588,0.29850541056930757
frozenset({'速食面'}),frozenset({'糖果'}),0.05888,0.05952,0.01753,0.2977241847826087,5.00208643787985,1.0,0.0140254624,1.3391889334945586,0.8501396450016322,0.17378804401705164,0.25327937306759174,0.29612351712248713
frozenset({'糖果'}),frozenset({'速食面'}),0.05952,0.05888,0.01753,0.29452284946236557,5.00208643787985,1.0,0.0140254624,1.3340191093117406,0.850718168067302,0.17378804401705164,0.2503855506868046,0.29612351712248713
frozenset({'牛仔裤'}),frozenset({'休闲裤'}),0.06144,0.06005,0.01845,0.30029296875,5.000715549542049,1.0,0.014760528000000002,1.3433479413817166,0.8524000787229149,0.17905667701863356,0.25559122160753234,0.30376846605693175
frozenset({'休闲裤'}),frozenset({'牛仔裤'}),0.06005,0.06144,0.01845,0.30724396336386345,5.000715549542048,1.0,0.014760528000000002,1.3548203846153846,0.8511395477271971,0.17905667701863356,0.2618947785584976,0.30376846605693175
frozenset({'手机'}),frozenset({'音箱'}),0.0598,0.0601,0.01797,0.30050167224080265,5.0000278243062,1.0,0.01437602,1.3436772651207267,0.8508839746501324,0.176297459040518,0.255773669795513,0.2997516680671567
frozenset({'音箱'}),frozenset({'手机'}),0.0601,0.0598,0.01797,0.2990016638935108,5.0000278243062,1.0,0.01437602,1.3412300023736055,0.8511555622577449,0.176297459040518,0.25441572420071346,0.2997516680671567
frozenset({'面膜'}),frozenset({'香水'}),0.0611,0.05909,0.01805,0.29541734860883795,4.9994474294946345,1.0,0.014439601,1.335414657375145,0.8520373785673043,0.1767182298805561,0.2511689200973929,0.30044179327548004
frozenset({'香水'}),frozenset({'面膜'}),0.05909,0.0611,0.01805,0.3054662379421222,4.9994474294946345,1.0,0.014439601,1.3518421296296297,0.8502172309113966,0.1767182298805561,0.26026865261702226,0.30044179327548004
frozenset({'枕头'}),frozenset({'床单'}),0.0595,0.06073,0.01806,0.3035294117647059,4.998014354762159,1.0,0.014446565,1.3486140202702703,0.850526892754555,0.17676421650190857,0.25849799500112414,0.30045563293652716
frozenset({'床单'}),frozenset({'枕头'}),0.06073,0.0595,0.01806,0.29738185410834844,4.998014354762159,1.0,0.014446565,1.3385649168033746,0.851640681205254,0.17676421650190857,0.252931264336362,0.30045563293652716
frozenset({'智能手表'}),frozenset({'充电器'}),0.05992,0.05913,0.0177,0.2953938584779706,4.99566816299629,1.0,0.0141569304,1.3353133680720037,0.8508069273585083,0.17464232856438086,0.2511121180162728,0.29736714740235415
frozenset({'充电器'}),frozenset({'智能手表'}),0.05913,0.05992,0.0177,0.2993404363267377,4.99566816299629,1.0,0.0141569304,1.341707226647357,0.8500925486742977,0.17464232856438086,0.25468091686530686,0.29736714740235415
frozenset({'面包'}),frozenset({'果汁'}),0.05952,0.05967,0.01774,0.2980510752688172,4.994990368171899,1.0,0.014188441599999999,1.3395988894207755,0.8504161850908342,0.17486446525381957,0.2535078911327057,0.2976764509912043
frozenset({'果汁'}),frozenset({'面包'}),0.05967,0.05952,0.01774,0.2973018267135914,4.994990368171898,1.0,0.014188441599999999,1.3383840114476508,0.8505518421769249,0.17486446525381957,0.2528302852943086,0.2976764509912043
frozenset({'毛衣'}),frozenset({'牛仔裤'}),0.06024,0.06144,0.01848,0.30677290836653387,4.9930486387782205,1.0,0.0147788544,1.3538997701149424,0.8509848881007475,0.17906976744186043,0.2613928873663206,0.3037770791832669
frozenset({'牛仔裤'}),frozenset({'毛衣'}),0.06144,0.06024,0.01848,0.30078125,4.9930486387782205,1.0,0.0147788544,1.3440143016759778,0.8520729185577465,0.17906976744186043,0.25596029837405293,0.3037770791832669
frozenset({'糖果'}),frozenset({'肉类'}),0.05952,0.06003,0.01784,0.29973118279569894,4.993023201660819,1.0,0.014267014400000002,1.3422988099808062,0.8503323176639502,0.17540064890374596,0.2550093968910699,0.2984579618792754
frozenset({'肉类'}),frozenset({'糖果'}),0.06003,0.05952,0.01784,0.2971847409628519,4.993023201660818,1.0,0.014267014400000002,1.3381610429011612,0.8507936829011479,0.17540064890374596,0.25270578955730255,0.2984579618792754
frozenset({'肉类'}),frozenset({'零食'}),0.06003,0.06006,0.018,0.2998500749625187,4.992508740634677,1.0,0.014394598199999999,1.342483897216274,0.850771726757237,0.1763150161622098,0.25511210817979735,0.2997751873314092
frozenset({'零食'}),frozenset({'肉类'}),0.06006,0.06003,0.018,0.29970029970029965,4.992508740634677,1.0,0.014394598199999999,1.3422396148359486,0.8507988807796243,0.1763150161622098,0.2549765414856853,0.2997751873314092
frozenset({'羽绒服'}),frozenset({'外套'}),0.05911,0.05958,0.01758,0.297411605481306,4.991802710327392,1.0,0.0140582262,1.3385077341680713,0.8499097343641344,0.17387004252793983,0.2528993486753855,0.2962385318443791
frozenset({'外套'}),frozenset({'羽绒服'}),0.05958,0.05911,0.01758,0.2950654582074521,4.991802710327391,1.0,0.0140582262,1.3347196714285714,0.8503344994426644,0.17387004252793983,0.2507790052051272,0.2962385318443791
frozenset({'洗发水'}),frozenset({'香水'}),0.06028,0.05909,0.01778,0.2949568679495687,4.991654559985932,1.0,0.014218054800000001,1.334542465882353,0.8509615888743062,0.1750172261049316,0.25067952083575334,0.2979269024127603
frozenset({'香水'}),frozenset({'洗发水'}),0.05909,0.06028,0.01778,0.300896936875952,4.991654559985932,1.0,0.014218054800000001,1.3441794916485112,0.8498853496051301,0.1750172261049316,0.2560517354913719,0.2979269024127603
frozenset({'糖果'}),frozenset({'牛奶'}),0.05952,0.0605,0.01797,0.30191532258064513,4.9903359104238865,1.0,0.01436904,1.3458252707581226,0.8502176418563091,0.17609015188633023,0.25696149290116566,0.2994700579845374
frozenset({'牛奶'}),frozenset({'糖果'}),0.0605,0.05952,0.01797,0.29702479338842974,4.9903359104238865,1.0,0.01436904,1.3378565718316484,0.8511045107110397,0.17609015188633023,0.2525357194075682,0.2994700579845374
frozenset({'收纳盒'}),frozenset({'餐具'}),0.0603,0.05942,0.01788,0.2965174129353234,4.99019543815758,1.0,0.014296974,1.3370338048090524,0.8509173640309309,0.1755695208169678,0.252075754253039,0.2987130989281127
frozenset({'餐具'}),frozenset({'收纳盒'}),0.05942,0.0603,0.01788,0.30090878492090206,4.9901954381575795,1.0,0.014296974,1.3441736639383726,0.85012125175941,0.1755695208169678,0.2560485100786443,0.2987130989281127
frozenset({'内衣'}),frozenset({'连衣裙'}),0.05904,0.0609,0.01794,0.3038617886178862,4.98952033855314,1.0,0.014344464000000001,1.3490137226277374,0.8497491212276482,0.17588235294117646,0.2587176963240189,0.2992215347030318
frozenset({'连衣裙'}),frozenset({'内衣'}),0.0609,0.05904,0.01794,0.29458128078817736,4.989520338553139,1.0,0.014344464000000001,1.3339027932960894,0.8514321511131593,0.17588235294117646,0.2503201844798688,0.2992215347030318
frozenset({'羽绒服'}),frozenset({'袜子'}),0.05911,0.06044,0.01782,0.30147183217729656,4.987952220008216,1.0,0.0142473916,1.3450567110680551,0.8497453738519821,0.17516956649955764,0.25653692385509874,0.2981548439509911
frozenset({'袜子'}),frozenset({'羽绒服'}),0.06044,0.05911,0.01782,0.2948378557246856,4.987952220008215,1.0,0.0142473916,1.3342888690755512,0.8509482361994887,0.17516956649955764,0.25053710393848977,0.2981548439509911
frozenset({'餐具'}),frozenset({'马克杯'}),0.05942,0.05989,0.01775,0.2987209693705823,4.987827172659581,1.0,0.014191336199999998,1.340564823614111,0.8500200924871348,0.17477353288696337,0.2540457705700208,0.2975488299850073
frozenset({'马克杯'}),frozenset({'餐具'}),0.05989,0.05942,0.01775,0.2963766905994323,4.98782717265958,1.0,0.014191336199999998,1.336766402467964,0.8504450528039796,0.17477353288696337,0.25192614195436036,0.2975488299850073
frozenset({'毛巾'}),frozenset({'花瓶'}),0.05985,0.0599,0.01788,0.2987468671679198,4.98742683085008,1.0,0.014294985,1.3406000714796285,0.8503917517089054,0.17551781682536569,0.2540653836484627,0.2986221814971486
frozenset({'花瓶'}),frozenset({'毛巾'}),0.0599,0.05985,0.01788,0.2984974958263773,4.98742683085008,1.0,0.014294985,1.3401947881960972,0.8504369805011461,0.17551781682536569,0.2538398083565147,0.2986221814971486
frozenset({'毛巾'}),frozenset({'枕头'}),0.05985,0.0595,0.01776,0.29674185463659153,4.987258061119186,1.0,0.014198925000000001,1.3373467569493942,0.850384534670287,0.1748203563342849,0.2522507757964822,0.2976146247972874
frozenset({'枕头'}),frozenset({'毛巾'}),0.0595,0.05985,0.01776,0.2984873949579832,4.987258061119185,1.0,0.014198925000000001,1.3401754911356014,0.8500680704628073,0.1748203563342849,0.25382906446629067,0.2976146247972874
frozenset({'休闲裤'}),frozenset({'内衣'}),0.06005,0.05904,0.01768,0.29442131557035806,4.986810900581945,1.0,0.014134648000000001,1.3336003776256786,0.8505463489802457,0.17434178088945865,0.25015018233544256,0.29693965507515196
frozenset({'内衣'}),frozenset({'休闲裤'}),0.05904,0.06005,0.01768,0.2994579945799458,4.986810900581945,1.0,0.014134648000000001,1.3417468085106383,0.8496333964504144,0.17434178088945865,0.2547029039629191,0.29693965507515196
frozenset({'内衣'}),frozenset({'袜子'}),0.05904,0.06044,0.01779,0.3013211382113821,4.985458937977865,1.0,0.0142216224,1.3447666036363635,0.8495756047499694,0.17494345560035401,0.25637653605025984,0.2978313169547976
frozenset({'袜子'}),frozenset({'内衣'}),0.06044,0.05904,0.01779,0.2943414956982131,4.985458937977864,1.0,0.0142216224,1.333449528722157,0.8508415226760732,0.17494345560035401,0.2500653542108199,0.2978313169547976
frozenset({'马克杯'}),frozenset({'收纳盒'}),0.05989,0.0603,0.018,0.30055101018533975,4.984262192128354,1.0,0.014388632999999998,1.3434861064693242,0.850292518960547,0.17614247969468638,0.25566777714732336,0.2995292364359534
frozenset({'收纳盒'}),frozenset({'马克杯'}),0.0603,0.05989,0.018,0.29850746268656714,4.984262192128354,1.0,0.014388632999999998,1.3401568085106383,0.8506635096307331,0.17614247969468638,0.2538186623762827,0.2995292364359534
frozenset({'收纳盒'}),frozenset({'地毯'}),0.0603,0.05887,0.01769,0.2933665008291874,4.983293712063656,1.0,0.014140139000000001,1.331850246421028,0.8506220157462183,0.17432006306661413,0.2491648346447222,0.29692955583331293
frozenset({'地毯'}),frozenset({'收纳盒'}),0.05887,0.0603,0.01769,0.30049261083743845,4.983293712063656,1.0,0.014140139000000001,1.3433739436619718,0.8493295381049604,0.17432006306661413,0.2556056303473858,0.29692955583331293
frozenset({'毛巾'}),frozenset({'床单'}),0.05985,0.06073,0.01811,0.30258980785296574,4.982542530099881,1.0,0.014475309500000002,1.3467970651653092,0.8501826884598142,0.1767346540450864,0.2574976394997878,0.3003974891397218
frozenset({'床单'}),frozenset({'毛巾'}),0.06073,0.05985,0.01811,0.2982051704264779,4.982542530099881,1.0,0.014475309500000002,1.3396365438761146,0.8509792227533022,0.1767346540450864,0.2535288735058,0.3003974891397218
frozenset({'眼影'}),frozenset({'洗面奶'}),0.06007,0.06004,0.01797,0.2991509905110704,4.982528156413564,1.0,0.0143633972,1.3411733301662707,0.8503810662181174,0.17593499118856473,0.2543842190210971,0.2992257284334166
frozenset({'洗面奶'}),frozenset({'眼影'}),0.06004,0.06007,0.01797,0.2993004663557628,4.982528156413564,1.0,0.0143633972,1.3414166199191824,0.8503539252419199,0.17593499118856473,0.2545194496991933,0.2992257284334166
frozenset({'粉底液'}),frozenset({'护肤霜'}),0.05925,0.06078,0.01794,0.3027848101265823,4.981652025774635,1.0,0.014338785000000001,1.347102033405955,0.8496023150958505,0.17572729944166912,0.2576657334028048,0.29897384632686475
frozenset({'护肤霜'}),frozenset({'粉底液'}),0.06078,0.05925,0.01794,0.2951628825271471,4.981652025774635,1.0,0.014338785000000001,1.3347055322128851,0.8509863268738118,0.17572729944166912,0.2507710683254288,0.29897384632686475
frozenset({'巧克力'}),frozenset({'饼干'}),0.05957,0.05936,0.01761,0.2956185999664261,4.98009770832928,1.0,0.0140739248,1.335412888465205,0.8498247895747039,0.17380576391630478,0.25116792818339223,0.29614151022580065
frozenset({'饼干'}),frozenset({'巧克力'}),0.05936,0.05957,0.01761,0.2966644204851752,4.98009770832928,1.0,0.0140739248,1.3370999952095808,0.8496350642751092,0.17380576391630478,0.2521127787131155,0.29614151022580065
frozenset({'窗帘'}),frozenset({'花瓶'}),0.06061,0.0599,0.01808,0.2983006104603201,4.979976802342573,1.0,0.014449460999999999,1.3397474958852575,0.8507604421698246,0.17651078785512056,0.2535906929691736,0.3000685022251517
frozenset({'花瓶'}),frozenset({'窗帘'}),0.0599,0.06061,0.01808,0.3018363939899833,4.979976802342573,1.0,0.014449460999999999,1.3455155667144907,0.8501179148706641,0.17651078785512056,0.2567904640138636,0.3000685022251517
frozenset({'平板电脑'}),frozenset({'游戏机'}),0.06007,0.06047,0.01808,0.30098218744797733,4.977380311691373,1.0,0.0144475671,1.3440716146701595,0.850160225403718,0.17645910599258244,0.2559920252125822,0.29998671138563904
frozenset({'游戏机'}),frozenset({'平板电脑'}),0.06047,0.06007,0.01808,0.2989912353233008,4.977380311691373,1.0,0.0144475671,1.3408248903043172,0.8505221766880429,0.17645910599258244,0.2541904560161935,0.29998671138563904
frozenset({'平板电脑'}),frozenset({'相机'}),0.06007,0.05941,0.01776,0.2956550690860663,4.976520267397178,1.0,0.0141912413,1.335411044670291,0.8501232852494383,0.17459693275658672,0.25116689427494054,0.29729732077430737
frozenset({'相机'}),frozenset({'平板电脑'}),0.05941,0.06007,0.01776,0.29893957246254843,4.976520267397177,1.0,0.0141912413,1.3407260816326532,0.8495267645887203,0.17459693275658672,0.2541354914329242,0.29729732077430737
frozenset({'防晒霜'}),frozenset({'眼影'}),0.06131,0.06007,0.01832,0.29880932963627466,4.974352083174208,1.0,0.0146371083,1.3404770481507327,0.8511529830595003,0.17776052784785562,0.2539969249159774,0.3018934279278427
frozenset({'眼影'}),frozenset({'防晒霜'}),0.06007,0.06131,0.01832,0.3049775262194107,4.974352083174208,1.0,0.0146371083,1.3505894203592816,0.8500301018885685,0.17776052784785562,0.25958253120775837,0.3018934279278427
frozenset({'防晒霜'}),frozenset({'护肤霜'}),0.06131,0.06078,0.01853,0.302234545751101,4.972598646776916,1.0,0.0148035782,1.346039696119682,0.8510774655085482,0.17893008883738898,0.25707985961872726,0.3035522843924969
frozenset({'护肤霜'}),frozenset({'防晒霜'}),0.06078,0.06131,0.01853,0.30487002303389277,4.972598646776916,1.0,0.0148035782,1.350380549112426,0.8505972041675212,0.17893008883738898,0.25946800651321816,0.3035522843924969
frozenset({'衬衫'}),frozenset({'休闲裤'}),0.06118,0.06005,0.01826,0.2984635501797973,4.970250627473727,1.0,0.014586140999999999,1.339844850885368,0.8508584206974368,0.1773332038457803,0.2536449281129819,0.3012717417843199
frozenset({'休闲裤'}),frozenset({'衬衫'}),0.06005,0.06118,0.01826,0.3040799333888426,4.970250627473726,1.0,0.014586140999999999,1.3490342426417803,0.8498355258462339,0.1773332038457803,0.25872897188901234,0.3012717417843199
frozenset({'马克杯'}),frozenset({'窗帘'}),0.05989,0.06061,0.01804,0.301218901319085,4.969788835490596,1.0,0.0144100671,1.3443265734767025,0.8496710037304923,0.1760687097403865,0.25613313034957264,0.2994297773383084
frozenset({'窗帘'}),frozenset({'马克杯'}),0.06061,0.05989,0.01804,0.29764065335753176,4.969788835490595,1.0,0.0144100671,1.3385028682170543,0.8503222381727219,0.1760687097403865,0.2528966326892936,0.2994297773383084
frozenset({'外套'}),frozenset({'衬衫'}),0.05958,0.06118,0.01811,0.3039610607586439,4.968307629268452,1.0,0.014464895600000001,1.3488038485652278,0.8493271290101463,0.1764247442766683,0.2586023526966233,0.2999864146552291
frozenset({'衬衫'}),frozenset({'外套'}),0.06118,0.05958,0.01811,0.2960117685518143,4.968307629268451,1.0,0.014464895600000001,1.335846194566984,0.8507746092581344,0.1764247442766683,0.25141082553732835,0.2999864146552291
frozenset({'水果'}),frozenset({'速食面'}),0.0596,0.05888,0.01743,0.29244966442953024,4.966876094251533,1.0,0.013920752000000002,1.3301103153900877,0.8492835045596495,0.17248886689757548,0.24818265941594086,0.2942377398234608
frozenset({'速食面'}),frozenset({'水果'}),0.05888,0.0596,0.01743,0.2960258152173913,4.966876094251532,1.0,0.013920752000000002,1.335844439083233,0.8486337636942095,0.17248886689757548,0.25140984178795334,0.2942377398234608
frozenset({'休闲裤'}),frozenset({'羽绒服'}),0.06005,0.05911,0.01763,0.2935886761032473,4.966819084812168,1.0,0.0140804445,1.3319293847241869,0.849687639520054,0.17364325815030038,0.24920944648497412,0.295923081073109
frozenset({'羽绒服'}),frozenset({'休闲裤'}),0.05911,0.06005,0.01763,0.2982574860429707,4.966819084812168,1.0,0.0140804445,1.3394514103182256,0.8488387556110435,0.17364325815030038,0.2534256992850372,0.295923081073109
frozenset({'面膜'}),frozenset({'护肤霜'}),0.0611,0.06078,0.01844,0.30180032733224227,4.965454546433732,1.0,0.014726342000000002,1.345202578527895,0.8505789416654788,0.1782675947409126,0.2566175415049108,0.30259480005967165
frozenset({'护肤霜'}),frozenset({'面膜'}),0.06078,0.0611,0.01844,0.30338927278710104,4.965454546433732,1.0,0.014726342000000002,1.347811572980633,0.8502891424051,0.1782675947409126,0.2580565265599117,0.30259480005967165
frozenset({'肉类'}),frozenset({'面包'}),0.06003,0.05952,0.01774,0.2955189072130601,4.96503540344523,1.0,0.014167014399999999,1.3349967935682194,0.8495926115514805,0.17424614477949119,0.2509345304664215,0.29678499124093866
frozenset({'面包'}),frozenset({'肉类'}),0.05952,0.06003,0.01774,0.2980510752688172,4.96503540344523,1.0,0.014167014399999999,1.3390860315940643,0.8491318976267918,0.17424614477949119,0.25322199141336127,0.29678499124093866
frozenset({'洗发水'}),frozenset({'防晒霜'}),0.06028,0.06131,0.01834,0.30424684804246843,4.962434318096044,1.0,0.014644233199999999,1.3491710348116357,0.8497062931713435,0.17762711864406777,0.2588041292039634,0.301691194368649
frozenset({'防晒霜'}),frozenset({'洗发水'}),0.06131,0.06028,0.01834,0.2991355406948295,4.962434318096044,1.0,0.014644233199999999,1.3408013311612752,0.8506386536758407,0.17762711864406777,0.2541773514396091,0.301691194368649
frozenset({'相机'}),frozenset({'笔记本电脑'}),0.05941,0.05902,0.0174,0.2928799865342535,4.962385403833506,1.0,0.013893621799999999,1.3307217757676744,0.8489182443936814,0.17222607146392158,0.24852811593684615,0.293847651688001
frozenset({'笔记本电脑'}),frozenset({'相机'}),0.05902,0.05941,0.0174,0.2948153168417485,4.962385403833505,1.0,0.013893621799999999,1.3338208024987985,0.8485664004487373,0.17222607146392158,0.25027410119366406,0.293847651688001
frozenset({'智能手表'}),frozenset({'音箱'}),0.05992,0.0601,0.01787,0.2982309746328438,4.962245834157135,1.0,0.014268808000000001,1.3393295600475623,0.8493727593317733,0.17493881546744983,0.2533577770324969,0.2977843725077697
frozenset({'音箱'}),frozenset({'智能手表'}),0.0601,0.05992,0.01787,0.2973377703826955,4.962245834157134,1.0,0.014268808000000001,1.3378832109874497,0.8495354224838956,0.17493881546744983,0.25255060248350725,0.2977843725077697
frozenset({'枕头'}),frozenset({'收纳盒'}),0.0595,0.0603,0.0178,0.2991596638655462,4.961188455481695,1.0,0.01421215,1.3408189448441248,0.8489477865586676,0.17450980392156865,0.2541871489470536,0.29717518848335356
frozenset({'收纳盒'}),frozenset({'枕头'}),0.0603,0.0595,0.0178,0.29519071310116085,4.961188455481695,1.0,0.01421215,1.3344035294117647,0.8496705259747014,0.17450980392156865,0.2506015024999052,0.29717518848335356
frozenset({'平板电脑'}),frozenset({'手机'}),0.06007,0.0598,0.01782,0.2966539037789246,4.960767621721147,1.0,0.014227813999999998,1.3367529940828404,0.8494444203841003,0.1746202841744243,0.25191863835239797,0.2973236074078569
frozenset({'手机'}),frozenset({'平板电脑'}),0.0598,0.06007,0.01782,0.2979933110367893,4.960767621721147,1.0,0.014227813999999998,1.338918866126727,0.8492004829308948,0.1746202841744243,0.25312875537198437,0.2973236074078569
frozenset({'护肤霜'}),frozenset({'洗面奶'}),0.06078,0.06004,0.0181,0.2977953274103324,4.959948824289347,1.0,0.014450768800000001,1.3385840862230556,0.8500511238842717,0.17620716510903428,0.2529419628604753,0.2996305084753194
frozenset({'洗面奶'}),frozenset({'护肤霜'}),0.06004,0.06078,0.0181,0.30146568954030645,4.959948824289346,1.0,0.014450768800000001,1.3445581497377206,0.8493819062242922,0.17620716510903428,0.25626124820628443,0.2996305084753194
frozenset({'地毯'}),frozenset({'灯具'}),0.05887,0.05925,0.0173,0.2938678444029217,4.959794842243404,1.0,0.013811952499999999,1.3322576978590328,0.8483193153182169,0.17159293790914498,0.24939446654575784,0.2929254833828955
frozenset({'灯具'}),frozenset({'地毯'}),0.05925,0.05887,0.0173,0.2919831223628692,4.959794842243404,1.0,0.013811952499999999,1.3292479737783076,0.8486619795114891,0.17159293790914498,0.24769492244734437,0.2929254833828955
frozenset({'智能手表'}),frozenset({'平板电脑'}),0.05992,0.06007,0.01785,0.29789719626168226,4.959167575523261,1.0,0.0142506056,1.3387355740432614,0.8492396975810153,0.17476013315057767,0.25302649799632126,0.29752525869351804
frozenset({'平板电脑'}),frozenset({'智能手表'}),0.06007,0.05992,0.01785,0.2971533211253538,4.959167575523261,1.0,0.0142506056,1.3375321080056848,0.8493752246464745,0.17476013315057767,0.25235439656768976,0.29752525869351804
frozenset({'地毯'}),frozenset({'枕头'}),0.05887,0.0595,0.01737,0.2950569050450145,4.958939580588479,1.0,0.013867235,1.3341502409638555,0.8482823668146305,0.17198019801980197,0.2504592291813019,0.2934948390771291
frozenset({'枕头'}),frozenset({'地毯'}),0.0595,0.05887,0.01737,0.2919327731092437,4.958939580588479,1.0,0.013867235,1.3291534535960123,0.8488505942373772,0.17198019801980197,0.2476414237238678,0.2934948390771291
frozenset({'收纳盒'}),frozenset({'花瓶'}),0.0603,0.0599,0.01791,0.2970149253731343,4.958512944459671,1.0,0.01429803,1.3372972399150742,0.8495547868105026,0.17509042917196205,0.2522230883662741,0.29800662796202626
frozenset({'花瓶'}),frozenset({'收纳盒'}),0.0599,0.0603,0.01791,0.2989983305509182,4.958512944459671,1.0,0.01429803,1.3405103596094308,0.8491933125899681,0.17509042917196205,0.25401546296788147,0.29800662796202626
frozenset({'床单'}),frozenset({'窗帘'}),0.06073,0.06061,0.01825,0.30051045611724025,4.958100249418252,1.0,0.0145691547,1.3429650353107343,0.8499258430220729,0.1770297798040547,0.25537897584308994,0.30080794213220535
frozenset({'窗帘'}),frozenset({'床单'}),0.06061,0.06073,0.01825,0.30110542814717045,4.958100249418252,1.0,0.0145691547,1.3439366076487254,0.8498172713945673,0.1770297798040547,0.25591728485650606,0.30080794213220535
frozenset({'毛衣'}),frozenset({'袜子'}),0.06024,0.06044,0.01805,0.2996347941567065,4.957557811990512,1.0,0.0144090944,1.3415286655605594,0.8494592006398993,0.17587450063334306,0.2545817128833779,0.2991390383755075
frozenset({'袜子'}),frozenset({'毛衣'}),0.06044,0.06024,0.01805,0.2986432825943084,4.957557811990511,1.0,0.0144090944,1.339917301250295,0.8496400212794838,0.17587450063334306,0.25368528410903673,0.2991390383755075
frozenset({'内衣'}),frozenset({'羽绒服'}),0.05904,0.05911,0.0173,0.29302168021680214,4.957226868834413,1.0,0.013810145599999999,1.3308611787254432,0.8483615798107552,0.17154189390183439,0.2486068299342135,0.2928481772763929
frozenset({'羽绒服'}),frozenset({'内衣'}),0.05911,0.05904,0.0173,0.2926746743359837,4.957226868834412,1.0,0.013810145599999999,1.3303072375029896,0.8484246959142177,0.17154189390183439,0.24829394909027344,0.2928481772763929
frozenset({'游戏机'}),frozenset({'电视'}),0.06047,0.06,0.01798,0.297337522738548,4.9556253789758005,1.0,0.0143518,1.337768886796893,0.8495834313388915,0.17543174943896966,0.25248672631760427,0.29850209470260736
frozenset({'电视'}),frozenset({'游戏机'}),0.06,0.06047,0.01798,0.2996666666666667,4.9556253789758005,1.0,0.0143518,1.341546882436935,0.8491586396232221,0.17543174943896966,0.2545918349245545,0.29850209470260736
frozenset({'T恤'}),frozenset({'内衣'}),0.06009,0.05904,0.01758,0.2925611582626061,4.9553041711146015,1.0,0.014032286399999998,1.330093775582216,0.8492260332964129,0.17311669128508123,0.2481733105154375,0.29516269295244124
frozenset({'内衣'}),frozenset({'T恤'}),0.05904,0.06009,0.01758,0.2977642276422764,4.9553041711146015,1.0,0.014032286399999998,1.3384536034732273,0.848278397546794,0.17311669128508123,0.25286913389822047,0.29516269295244124
frozenset({'水果'}),frozenset({'巧克力'}),0.0596,0.05957,0.01759,0.2951342281879195,4.954410411078052,1.0,0.014039628000000002,1.3341972863603904,0.8487448278997314,0.17316400866312268,0.2504856588878699,0.29520854434408567
frozenset({'巧克力'}),frozenset({'水果'}),0.05957,0.0596,0.01759,0.2952828605002518,4.954410411078051,1.0,0.014039628000000002,1.3344361124344926,0.8487177526843118,0.17316400866312268,0.2506198006170266,0.29520854434408567
frozenset({'巧克力'}),frozenset({'果汁'}),0.05957,0.05967,0.01761,0.2956185999664261,4.954224903074008,1.0,0.014055458100000001,1.3349727859866538,0.8487097161559772,0.17327560759618224,0.25092105959229855,0.2953708887212724
frozenset({'果汁'}),frozenset({'巧克力'}),0.05967,0.05957,0.01761,0.29512317747611866,4.954224903074008,1.0,0.014055458100000001,1.3341763694721827,0.848799972737832,0.17327560759618224,0.2504739081868067,0.2953708887212724
frozenset({'牛仔裤'}),frozenset({'羽绒服'}),0.06144,0.05911,0.01799,0.2928059895833333,4.953577898550724,1.0,0.014358281599999998,1.3304552727272725,0.850372607276801,0.1754095163806552,0.2483775888609012,0.2985769078351449
frozenset({'羽绒服'}),frozenset({'牛仔裤'}),0.05911,0.06144,0.01799,0.3043478260869565,4.953577898550724,1.0,0.014358281599999998,1.34918,0.8482667626244452,0.1754095163806552,0.2588090543885916,0.2985769078351449
frozenset({'马克杯'}),frozenset({'花瓶'}),0.05989,0.0599,0.01777,0.29671063616630494,4.953432991090232,1.0,0.014182589,1.3367186372269708,0.848964279356981,0.1741815330327387,0.2518994108778906,0.29668586900134947
frozenset({'花瓶'}),frozenset({'马克杯'}),0.0599,0.05989,0.01777,0.296661101836394,4.953432991090232,1.0,0.014182589,1.3366387135058155,0.8489733099311684,0.1741815330327387,0.2518546785337822,0.29668586900134947
frozenset({'耳机'}),frozenset({'游戏机'}),0.0595,0.06047,0.01782,0.2994957983193277,4.952799707612497,1.0,0.014222035,1.341219649712092,0.8485847905482851,0.17444933920704847,0.2544099691540746,0.29709369046113565
frozenset({'游戏机'}),frozenset({'耳机'}),0.06047,0.0595,0.01782,0.2946915826029436,4.952799707612497,1.0,0.014222035,1.333459202813599,0.849460895884817,0.17444933920704847,0.25007079489946155,0.29709369046113565
frozenset({'马克杯'}),frozenset({'地毯'}),0.05989,0.05887,0.01746,0.2915344798797796,4.952173940543224,1.0,0.0139342757,1.328406214942258,0.8489096831701947,0.1723593287265548,0.2472182162716942,0.29406008858945665
frozenset({'地毯'}),frozenset({'马克杯'}),0.05887,0.05989,0.01746,0.2965856972991337,4.952173940543224,1.0,0.0139342757,1.336495428640425,0.8479896318735262,0.1723593287265548,0.2517744703270189,0.29406008858945665
frozenset({'手机'}),frozenset({'充电器'}),0.0598,0.05913,0.01751,0.292809364548495,4.951959488389903,1.0,0.013974026,1.3304333412154175,0.8488191207115245,0.17264839282192862,0.24836519875061908,0.2944682709771056
frozenset({'充电器'}),frozenset({'手机'}),0.05913,0.0598,0.01751,0.2961271774057162,4.951959488389903,1.0,0.013974026,1.3357526669870254,0.8482146707759578,0.17264839282192862,0.25135841034430567,0.2944682709771056
frozenset({'窗帘'}),frozenset({'灯具'}),0.06061,0.05925,0.01778,0.2933509321894077,4.951070585475236,1.0,0.0141888575,1.3312831543310764,0.8495124298106432,0.17417711598746083,0.24884499834111903,0.2967176601875309
frozenset({'灯具'}),frozenset({'窗帘'}),0.05925,0.06061,0.01778,0.300084388185654,4.951070585475236,1.0,0.0141888575,1.3421475162768266,0.848284327865873,0.17417711598746083,0.2549254177558352,0.2967176601875309
frozenset({'电视'}),frozenset({'音箱'}),0.06,0.0601,0.01785,0.29750000000000004,4.950083194675542,1.0,0.014244000000000001,1.3379359430604985,0.8489182907205437,0.17457212713936432,0.25258006170869246,0.29725249584026625
frozenset({'音箱'}),frozenset({'电视'}),0.0601,0.06,0.01785,0.29700499168053246,4.950083194675541,1.0,0.014244000000000001,1.337136094674556,0.8490086107855207,0.17457212713936432,0.2521329698729069,0.29725249584026625
frozenset({'灯具'}),frozenset({'枕头'}),0.05925,0.0595,0.01745,0.2945147679324895,4.949828032478815,1.0,0.013924625,1.3331250000000001,0.8482304324949536,0.17226061204343535,0.2498827941865917,0.2938960394284296
frozenset({'枕头'}),frozenset({'灯具'}),0.0595,0.05925,0.01745,0.29327731092436976,4.949828032478814,1.0,0.013924625,1.3311444708680145,0.8484559057624961,0.17226061204343535,0.24876674028633514,0.2938960394284296
frozenset({'花瓶'}),frozenset({'灯具'}),0.0599,0.05925,0.01756,0.2931552587646077,4.94776808041532,1.0,0.014010924999999999,1.330914619744922,0.8487274411509074,0.17285165862781768,0.24863700107850936,0.29476328339074265
frozenset({'灯具'}),frozenset({'花瓶'}),0.05925,0.0599,0.01756,0.29637130801687767,4.94776808041532,1.0,0.014010924999999999,1.336073998560806,0.8481410230411567,0.17285165862781768,0.251538461883712,0.29476328339074265
frozenset({'羽绒服'}),frozenset({'衬衫'}),0.05911,0.06118,0.01789,0.3026560649636271,4.946977197836338,1.0,0.0142736502,1.3462797234352257,0.847980481784129,0.17470703124999998,0.25721231435592246,0.29753594356386653
frozenset({'衬衫'}),frozenset({'羽绒服'}),0.06118,0.05911,0.01789,0.29241582216410594,4.946977197836338,1.0,0.0142736502,1.3297216493416495,0.8498501901385453,0.17470703124999998,0.24796290976002078,0.29753594356386653
frozenset({'床单'}),frozenset({'灯具'}),0.06073,0.05925,0.0178,0.29310060925407544,4.94684572580718,1.0,0.0142017475,1.3308117283950618,0.8494373110458839,0.17420238794284595,0.24857890965089072,0.2967612750911728
frozenset({'灯具'}),frozenset({'床单'}),0.05925,0.06073,0.0178,0.30042194092827007,4.94684572580718,1.0,0.0142017475,1.3426235826296744,0.8481009653426176,0.17420238794284595,0.2551896056812951,0.2967612750911728
frozenset({'T恤'}),frozenset({'休闲裤'}),0.06009,0.06005,0.01785,0.2970544183724414,4.946784652330415,1.0,0.014241595500000002,1.337158984375,0.848856260062089,0.17450386157004596,0.25214577197983024,0.297153354065488
frozenset({'休闲裤'}),frozenset({'T恤'}),0.06005,0.06009,0.01785,0.29725228975853457,4.946784652330414,1.0,0.014241595500000002,1.337478566350711,0.8488201365976468,0.17450386157004596,0.25232446697932204,0.297153354065488
frozenset({'收纳盒'}),frozenset({'灯具'}),0.0603,0.05925,0.01767,0.2930348258706468,4.945735457732435,1.0,0.014097225000000001,1.3306878958479944,0.8490003221416075,0.17343934040047118,0.2485089831205387,0.29563133698595634
frozenset({'灯具'}),frozenset({'收纳盒'}),0.05925,0.0603,0.01767,0.29822784810126585,4.945735457732435,1.0,0.014097225000000001,1.3390386002886003,0.8480527267780692,0.17343934040047118,0.2531955391095731,0.29563133698595634
frozenset({'袜子'}),frozenset({'衬衫'}),0.06044,0.06118,0.01828,0.3024487094639312,4.943587928472233,1.0,0.014582280800000002,1.3458795256166984,0.8490333433229559,0.17689181343139154,0.2569914461386967,0.3006195819303965
frozenset({'衬衫'}),frozenset({'袜子'}),0.06118,0.06044,0.01828,0.29879045439686175,4.943587928472232,1.0,0.014582280800000002,1.3399133053613055,0.8497025713688635,0.17689181343139154,0.25368305844955275,0.3006195819303965
frozenset({'果汁'}),frozenset({'水果'}),0.05967,0.0596,0.01758,0.29462041226747104,4.943295507843474,1.0,0.014023667999999998,1.333182893799002,0.8483253773119879,0.17287835578719635,0.2499153682129637,0.2947934276102456
frozenset({'水果'}),frozenset({'果汁'}),0.0596,0.05967,0.01758,0.2949664429530201,4.943295507843474,1.0,0.014023667999999998,1.333737934316992,0.8482622310163564,0.17287835578719635,0.25022751901249574,0.2947934276102456
frozenset({'洗面奶'}),frozenset({'粉底液'}),0.06004,0.05925,0.01758,0.2928047968021319,4.941853110584505,1.0,0.014022629999999998,1.3302550635892605,0.8485964909987455,0.1728443614197227,0.24826446643862016,0.2947568287808128
frozenset({'粉底液'}),frozenset({'洗面奶'}),0.05925,0.06004,0.01758,0.29670886075949365,4.941853110584504,1.0,0.014022629999999998,1.3365161987041037,0.8478838774160837,0.1728443614197227,0.2517860980887417,0.2947568287808128
frozenset({'牛奶'}),frozenset({'果汁'}),0.0605,0.05967,0.01784,0.29487603305785126,4.941780342849862,1.0,0.014229965,1.3335669245194561,0.8490088110983565,0.17433792631681816,0.25013137202668345,0.29692687190013395
frozenset({'果汁'}),frozenset({'牛奶'}),0.05967,0.0605,0.01784,0.29897771074241664,4.941780342849862,1.0,0.014229965,1.3401856323213006,0.8482594174671719,0.17433792631681816,0.25383471074232744,0.29692687190013395
frozenset({'口红'}),frozenset({'指甲油'}),0.06037,0.06015,0.01794,0.29716746728507537,4.940440021364512,1.0,0.014308744500000001,1.33723178175819,0.8488329231704632,0.17488789237668162,0.25218648431672647,0.29771091568742547
frozenset({'指甲油'}),frozenset({'口红'}),0.06015,0.06037,0.01794,0.29825436408977557,4.940440021364512,1.0,0.014308744500000001,1.338989445628998,0.8486342284392853,0.17488789237668162,0.2531681237186718,0.29771091568742547
frozenset({'牛仔裤'}),frozenset({'连衣裙'}),0.06144,0.0609,0.01848,0.30078125,4.938936781609195,1.0,0.014738304,1.3430703910614525,0.8497349905464465,0.17793183131138068,0.2554373868597593,0.30211476293103445
frozenset({'连衣裙'}),frozenset({'牛仔裤'}),0.0609,0.06144,0.01848,0.30344827586206896,4.938936781609195,1.0,0.014738304,1.347437623762376,0.8492463770921869,0.17793183131138068,0.25785061782099067,0.30211476293103445
frozenset({'水果'}),frozenset({'肉类'}),0.0596,0.06003,0.01767,0.2964765100671141,4.938805764902784,1.0,0.014092212000000002,1.3360890054853325,0.8480666753807035,0.17330325617889372,0.25154686858848063,0.29541466682766004
frozenset({'肉类'}),frozenset({'水果'}),0.06003,0.0596,0.01767,0.2943528235882059,4.938805764902784,1.0,0.014092212000000002,1.3326773371104816,0.8484546331563918,0.17330325617889372,0.24963082048937252,0.29541466682766004
frozenset({'枕头'}),frozenset({'窗帘'}),0.0595,0.06061,0.01781,0.299327731092437,4.938586554899142,1.0,0.014203705,1.3406981290477331,0.8479669474675238,0.17409579667644182,0.25411994069815197,0.296586815554468
frozenset({'窗帘'}),frozenset({'枕头'}),0.06061,0.0595,0.01781,0.2938459000164989,4.938586554899142,1.0,0.014203705,1.33186226635514,0.8489689203559821,0.17409579667644182,0.24917161086283776,0.296586815554468
frozenset({'床单'}),frozenset({'地毯'}),0.06073,0.05887,0.01765,0.29063066029968715,4.936821136396928,1.0,0.0140748249,1.3267136699164346,0.8490002919813171,0.17312408043158412,0.24625786055028226,0.29522190395653625
frozenset({'地毯'}),frozenset({'床单'}),0.05887,0.06073,0.01765,0.2998131476133854,4.936821136396928,1.0,0.0140748249,1.3414562081513828,0.8473223723070052,0.17312408043158412,0.25454144986360194,0.29522190395653625
frozenset({'香水'}),frozenset({'眼影'}),0.05909,0.06007,0.01752,0.2964968691826028,4.935855987724369,1.0,0.013970463700000001,1.3360708130863606,0.8474783944465692,0.1723730814639906,0.25153667739363866,0.2940782997486179
frozenset({'眼影'}),frozenset({'香水'}),0.06007,0.05909,0.01752,0.29165973031463294,4.935855987724369,1.0,0.013970463700000001,1.3283305217391304,0.848362001551947,0.1723730814639906,0.24717531997176448,0.2940782997486179
frozenset({'面膜'}),frozenset({'指甲油'}),0.0611,0.06015,0.01814,0.2968903436988543,4.935832812948534,1.0,0.014464834999999999,1.3367047253258846,0.8492916656440606,0.1759286199204733,0.251891624938931,0.2992348642850049
frozenset({'指甲油'}),frozenset({'面膜'}),0.06015,0.0611,0.01814,0.30157938487115543,4.935832812948534,1.0,0.014464834999999999,1.3443188526541299,0.8484332019718129,0.1759286199204733,0.2561288581011348,0.2992348642850049
frozenset({'粉底液'}),frozenset({'香水'}),0.05925,0.05909,0.01727,0.29147679324894515,4.932760082060335,1.0,0.013768917500000002,1.327987553596951,0.8474873670907465,0.17087167309785298,0.24698089429270084,0.29187141405551
frozenset({'香水'}),frozenset({'粉底液'}),0.05909,0.05925,0.01727,0.2922660348620748,4.932760082060335,1.0,0.013768917500000002,1.3292424079387852,0.8473432534361625,0.17087167309785298,0.24769177237531206,0.29187141405551
frozenset({'耳机'}),frozenset({'平板电脑'}),0.0595,0.06007,0.01763,0.2963025210084034,4.932620626076301,1.0,0.014055835,1.3357018151421065,0.8477065487245502,0.17294486953109672,0.25132990861915605,0.2948967241299716
frozenset({'平板电脑'}),frozenset({'耳机'}),0.06007,0.0595,0.01763,0.29349092725153986,4.9326206260763,1.0,0.014055835,1.3311930961357208,0.8482206218286888,0.17294486953109672,0.24879418102237094,0.2948967241299716
frozenset({'花瓶'}),frozenset({'地毯'}),0.0599,0.05887,0.01739,0.29031719532554257,4.931496438347929,1.0,0.013863687,1.3261276640790403,0.8480180769434742,0.17153284671532845,0.24592478756977523,0.2928569159912917
frozenset({'地毯'}),frozenset({'花瓶'}),0.05887,0.0599,0.01739,0.2953966366570409,4.931496438347928,1.0,0.013863687,1.334225819672131,0.8470899813357985,0.17153284671532845,0.250501687753474,0.2928569159912917
frozenset({'花瓶'}),frozenset({'餐具'}),0.0599,0.05942,0.01755,0.2929883138564274,4.930802993208135,1.0,0.013990742,1.3303599055489963,0.8479877421053892,0.1724476761324555,0.2483237086227938,0.2941717065747973
frozenset({'餐具'}),frozenset({'花瓶'}),0.05942,0.0599,0.01755,0.2953550992931673,4.930802993208134,1.0,0.013990742,1.3341471698113208,0.8475549941028688,0.1724476761324555,0.2504575037689259,0.2941717065747973
frozenset({'充电器'}),frozenset({'相机'}),0.05913,0.05941,0.01732,0.2929139184846947,4.930380718476599,1.0,0.013807086699999999,1.3302340755800048,0.8472752946384863,0.17111242837383914,0.24825260579497413,0.29222366518410803
frozenset({'相机'}),frozenset({'充电器'}),0.05941,0.05913,0.01732,0.2915334118835213,4.930380718476599,1.0,0.013807086699999999,1.3280372226181991,0.8475275162042045,0.17111242837383914,0.2470090574505737,0.29222366518410803
frozenset({'牛奶'}),frozenset({'饼干'}),0.0605,0.05936,0.0177,0.29256198347107437,4.928604842841549,1.0,0.01410872,1.3296429906542058,0.8484330227341746,0.17325763508222397,0.24791842093795116,0.29537128823149406
frozenset({'饼干'}),frozenset({'牛奶'}),0.05936,0.0605,0.0177,0.29818059299191374,4.928604842841549,1.0,0.01410872,1.3386634661545846,0.8474047721325448,0.17325763508222397,0.25298626183279804,0.29537128823149406
frozenset({'智能手表'}),frozenset({'手机'}),0.05992,0.0598,0.01766,0.2947263017356475,4.928533473840259,1.0,0.014076783999999998,1.3330994794131568,0.8479064406749603,0.1730354693317656,0.24986843409449852,0.29502201374407794
frozenset({'手机'}),frozenset({'智能手表'}),0.0598,0.05992,0.01766,0.29531772575250836,4.928533473840259,1.0,0.014076783999999998,1.3340480303749407,0.8477982203251615,0.1730354693317656,0.2504018017110335,0.29502201374407794
frozenset({'袜子'}),frozenset({'休闲裤'}),0.06044,0.06005,0.01788,0.2958305757776307,4.926404259411003,1.0,0.014250578,1.3348350093984962,0.8482823794049725,0.1742520222200565,0.2508437425156984,0.29679122460821583
frozenset({'休闲裤'}),frozenset({'袜子'}),0.06005,0.06044,0.01788,0.297751873438801,4.926404259411003,1.0,0.014250578,1.337931657576476,0.8479304137387478,0.1742520222200565,0.25257766767295436,0.29679122460821583
frozenset({'肉类'}),frozenset({'牛奶'}),0.06003,0.0605,0.01789,0.2980176578377478,4.925911699797485,1.0,0.014258185,1.3383527527289987,0.847890778336925,0.17429851909586908,0.25281283431372836,0.2968600685882954
frozenset({'牛奶'}),frozenset({'肉类'}),0.0605,0.06003,0.01789,0.29570247933884297,4.925911699797484,1.0,0.014258185,1.334620628960338,0.8483149493489721,0.17429851909586908,0.25072340536277005,0.2968600685882954
frozenset({'毛巾'}),frozenset({'地毯'}),0.05985,0.05887,0.01735,0.2898913951545531,4.924263549423358,1.0,0.013826630500000001,1.3253324823529413,0.847656169895018,0.1711551741146296,0.24547235254911975,0.29230428429377053
frozenset({'地毯'}),frozenset({'毛巾'}),0.05887,0.05985,0.01735,0.294717173432988,4.924263549423358,1.0,0.013826630500000001,1.3330113318882468,0.8467735043265022,0.1711551741146296,0.24981883043449232,0.29230428429377053
frozenset({'指甲油'}),frozenset({'眼影'}),0.06015,0.06007,0.01779,0.29576059850374065,4.9235991094346705,1.0,0.0141767895,1.3346739730878185,0.8478975825947612,0.17367958605877185,0.2507533523812844,0.295957542468118
frozenset({'眼影'}),frozenset({'指甲油'}),0.06007,0.06015,0.01779,0.2961544864324954,4.9235991094346705,1.0,0.0141767895,1.3353072256385998,0.8478254157242415,0.17367958605877185,0.2511086731207059,0.295957542468118
frozenset({'内衣'}),frozenset({'衬衫'}),0.05904,0.06118,0.01778,0.3011517615176152,4.922389040824047,1.0,0.014167932800000001,1.3433817935046048,0.8468443017484574,0.17356501366653654,0.25560998010014185,0.29588480524393346
frozenset({'衬衫'}),frozenset({'内衣'}),0.06118,0.05904,0.01778,0.2906178489702517,4.922389040824046,1.0,0.014167932800000001,1.3264500645161292,0.848774647081686,0.17356501366653654,0.24610806938685142,0.29588480524393346
frozenset({'洗发水'}),frozenset({'护肤霜'}),0.06028,0.06078,0.01803,0.2991041804910418,4.921095434206019,1.0,0.0143661816,1.3400279668639052,0.8479049198851528,0.17499757352227507,0.25374691817789424,0.2978739066324903
frozenset({'护肤霜'}),frozenset({'洗发水'}),0.06078,0.06028,0.01803,0.2966436327739388,4.921095434206018,1.0,0.0143661816,1.3360510315789473,0.8483563076962541,0.17499757352227507,0.2515255956816273,0.2978739066324903
frozenset({'袜子'}),frozenset({'外套'}),0.06044,0.05958,0.01772,0.2931833223031105,4.920834546880002,1.0,0.0141189848,1.3305005805243446,0.8480378452927441,0.1732160312805474,0.2484031840061999,0.2952992811582689
frozenset({'外套'}),frozenset({'袜子'}),0.05958,0.06044,0.01772,0.29741524001342734,4.920834546880002,1.0,0.0141189848,1.3372906067845198,0.8472623273890926,0.1732160312805474,0.25221937929821125,0.2952992811582689
frozenset({'洗发水'}),frozenset({'指甲油'}),0.06028,0.06015,0.01784,0.2959522229595223,4.920236458179922,1.0,0.014214158000000001,1.3349236098020736,0.84786716833313,0.17389609123696265,0.25089346487154573,0.29627203832930393
frozenset({'指甲油'}),frozenset({'洗发水'}),0.06015,0.06028,0.01784,0.29659185369908564,4.920236458179921,1.0,0.014214158000000001,1.3359526825809502,0.8477498913933169,0.17389609123696265,0.2514704951465177,0.29627203832930393
frozenset({'糖果'}),frozenset({'饼干'}),0.05952,0.05936,0.01738,0.292002688172043,4.919182752224444,1.0,0.0138468928,1.3285926150925487,0.8471357181759842,0.17123152709359604,0.2473238307663325,0.29239622279222094
frozenset({'饼干'}),frozenset({'糖果'}),0.05936,0.05952,0.01738,0.2927897574123989,4.919182752224443,1.0,0.0138468928,1.3298449928537397,0.8469916229696266,0.17123152709359604,0.24803266142012467,0.29239622279222094
frozenset({'窗帘'}),frozenset({'餐具'}),0.06061,0.05942,0.01771,0.29219600725952816,4.917468987874927,1.0,0.0141085538,1.328870717948718,0.8480432557694537,0.17308444096950742,0.24748134901818894,0.29512190130731375
frozenset({'餐具'}),frozenset({'窗帘'}),0.05942,0.06061,0.01771,0.2980477953550993,4.917468987874926,1.0,0.0141085538,1.3382535075521458,0.8469703311119385,0.17308444096950742,0.25275742274784624,0.29512190130731375
frozenset({'防晒霜'}),frozenset({'面膜'}),0.06131,0.0611,0.01842,0.30044038492904906,4.917191242701294,1.0,0.014673958999999999,1.3421300769410118,0.8486634219340653,0.17713241657851717,0.25491573642459164,0.30095669000953273
frozenset({'面膜'}),frozenset({'防晒霜'}),0.0611,0.06131,0.01842,0.30147299509001635,4.917191242701294,1.0,0.014673958999999999,1.3438134723523898,0.8484736047878237,0.17713241657851717,0.2558491036338049,0.30095669000953273
frozenset({'牛奶'}),frozenset({'水果'}),0.0605,0.0596,0.01773,0.29305785123966943,4.917078040934051,1.0,0.0141242,1.3302361468318915,0.8479267541896709,0.17319527205235907,0.24825377630760256,0.29527053635808975
frozenset({'水果'}),frozenset({'牛奶'}),0.0596,0.0605,0.01773,0.2974832214765101,4.917078040934051,1.0,0.0141242,1.3373346071172678,0.8471152547439342,0.17319527205235907,0.25224398241246415,0.29527053635808975
frozenset({'牛奶'}),frozenset({'巧克力'}),0.0605,0.05957,0.01772,0.2928925619834711,4.916779620336933,1.0,0.014116014999999999,1.3299676250584385,0.8479136157386439,0.1731314118221788,0.24810199800460542,0.29517886450692776
frozenset({'巧克力'}),frozenset({'牛奶'}),0.05957,0.0605,0.01772,0.29746516703038445,4.916779620336933,1.0,0.014116014999999999,1.3373002389486262,0.8470751060540985,0.1731314118221788,0.25222476533303295,0.29517886450692776
frozenset({'洗面奶'}),frozenset({'洗发水'}),0.06004,0.06028,0.01779,0.29630246502331775,4.915435717042431,1.0,0.0141707888,1.3354032852071005,0.8474395033039451,0.17351019213888616,0.2511625431227576,0.2957126127372727
frozenset({'洗发水'}),frozenset({'洗面奶'}),0.06028,0.06004,0.01779,0.2951227604512276,4.915435717042431,1.0,0.0141707888,1.3335087973640858,0.8476559353058104,0.17351019213888616,0.2500986855304774,0.2957126127372727
frozenset({'牛奶'}),frozenset({'零食'}),0.0605,0.06006,0.01786,0.29520661157024797,4.9151949978396265,1.0,0.01422637,1.3336390712945592,0.8478438234342324,0.173904576436222,0.2501719381771687,0.29628795446977263
frozenset({'零食'}),frozenset({'牛奶'}),0.06006,0.0605,0.01786,0.29736929736929735,4.915194997839626,1.0,0.01422637,1.3371177725118484,0.8474469350346421,0.173904576436222,0.2521227220535363,0.29628795446977263
frozenset({'衬衫'}),frozenset({'连衣裙'}),0.06118,0.0609,0.01831,0.2992808107224583,4.914299026641352,1.0,0.014584138,1.340194494984838,0.8484184179470863,0.176447913655199,0.2538396451096351,0.2999688125861881
frozenset({'连衣裙'}),frozenset({'衬衫'}),0.0609,0.06118,0.01831,0.3006568144499179,4.914299026641351,1.0,0.014584138,1.34243104015027,0.8481654553690592,0.176447913655199,0.25508277886061,0.2999688125861881
frozenset({'音箱'}),frozenset({'平板电脑'}),0.0601,0.06007,0.01774,0.2951747088186356,4.913845660373491,1.0,0.014129792999999998,1.3335645184135978,0.8474235607352505,0.17319144781802207,0.25013001906379795,0.29524841650354117
frozenset({'平板电脑'}),frozenset({'音箱'}),0.06007,0.0601,0.01774,0.2953221241884468,4.91384566037349,1.0,0.014129792999999998,1.3338009213323883,0.8473965132882895,0.17319144781802207,0.25026292604367145,0.29524841650354117
frozenset({'巧克力'}),frozenset({'糖果'}),0.05957,0.05952,0.01742,0.2924290750377707,4.91312290050018,1.0,0.013874393600000002,1.3291671079478056,0.8469141427634057,0.17133864463460216,0.24764915260055578,0.29255190311028323
frozenset({'糖果'}),frozenset({'巧克力'}),0.05952,0.05957,0.01742,0.2926747311827957,4.91312290050018,1.0,0.013874393600000002,1.3295580427553444,0.8468691171306032,0.17133864463460216,0.24787036906818763,0.29255190311028323
frozenset({'音箱'}),frozenset({'相机'}),0.0601,0.05941,0.01754,0.291846921797005,4.9124208348258716,1.0,0.013969459,1.3282297697368421,0.8473607602545845,0.17201137589487103,0.24711821494700667,0.2935417069850199
frozenset({'相机'}),frozenset({'音箱'}),0.05941,0.0601,0.01754,0.2952364921730349,4.9124208348258716,1.0,0.013969459,1.3336388583711487,0.8467391515573034,0.17201137589487103,0.25017181846263953,0.2935417069850199
frozenset({'毛衣'}),frozenset({'连衣裙'}),0.06024,0.0609,0.01802,0.29913678618857903,4.911934091766486,1.0,0.014351384000000002,1.3399190904784462,0.8474655299622157,0.17474786656322733,0.2536862806821201,0.2975158479382961
frozenset({'连衣裙'}),frozenset({'毛衣'}),0.0609,0.06024,0.01802,0.29589490968801313,4.911934091766486,1.0,0.014351384000000002,1.3346871268656717,0.8480611292059332,0.17474786656322733,0.25076073645187397,0.2975158479382961
frozenset({'连衣裙'}),frozenset({'休闲裤'}),0.0609,0.06005,0.01796,0.2949096880131363,4.911068909461053,1.0,0.014302955,1.3330916394969725,0.8480229376607797,0.174385862705117,0.2498640225683667,0.2969968922996572
frozenset({'休闲裤'}),frozenset({'连衣裙'}),0.06005,0.0609,0.01796,0.2990840965861782,4.911068909461053,1.0,0.014302955,1.3398183654074602,0.8472560676176799,0.174385862705117,0.2536301741946312,0.2969968922996572
frozenset({'口红'}),frozenset({'护肤霜'}),0.06037,0.06078,0.01802,0.2984926287891337,4.911033708277948,1.0,0.0143507114,1.3388597733175913,0.8475430555038295,0.17473092213710853,0.2530957909639208,0.29748586687893674
frozenset({'护肤霜'}),frozenset({'口红'}),0.06078,0.06037,0.01802,0.29647910496873975,4.911033708277948,1.0,0.0143507114,1.335610650140318,0.8479130355433906,0.17473092213710853,0.2512788065182463,0.29748586687893674
frozenset({'T恤'}),frozenset({'衬衫'}),0.06009,0.06118,0.01805,0.30038275919454155,4.909819535706792,1.0,0.0143736938,1.3419051807802094,0.8472369974952808,0.17486921139314088,0.2547908642706179,0.29770690754758133
frozenset({'衬衫'}),frozenset({'T恤'}),0.06118,0.06009,0.01805,0.2950310559006211,4.909819535706792,1.0,0.0143736938,1.3332644052863436,0.8482206667047885,0.17486921139314088,0.2499612259691046,0.29770690754758133
frozenset({'手机'}),frozenset({'游戏机'}),0.0598,0.06047,0.01775,0.29682274247491636,4.908595046715997,1.0,0.014133893999999998,1.3361211414982164,0.8469216318973187,0.17313694888802184,0.2515648701743599,0.2951783631342665
frozenset({'游戏机'}),frozenset({'手机'}),0.06047,0.0598,0.01775,0.2935339837936166,4.908595046715997,1.0,0.014133893999999998,1.3308495786516854,0.8475255907846042,0.17313694888802184,0.2486002805718109,0.2951783631342665
frozenset({'口红'}),frozenset({'香水'}),0.06037,0.05909,0.01751,0.290044724200762,4.908524694546657,1.0,0.013942736700000001,1.3253088357442837,0.8474322854750421,0.17175085826385483,0.24545889001154414,0.29318618000527186
frozenset({'香水'}),frozenset({'口红'}),0.05909,0.06037,0.01751,0.2963276358097817,4.908524694546657,1.0,0.013942736700000001,1.335323152958153,0.8462794511705835,0.17175085826385483,0.25111760566369923,0.29318618000527186
frozenset({'手机'}),frozenset({'耳机'}),0.0598,0.0595,0.01745,0.29180602006688966,4.904302858267053,1.0,0.0138919,1.328025974025974,0.846731994472919,0.1713303878252332,0.2470026794969587,0.2925416654956297
frozenset({'耳机'}),frozenset({'手机'}),0.0595,0.0598,0.01745,0.29327731092436976,4.904302858267053,1.0,0.0138919,1.3303662306777648,0.846461904522529,0.1713303878252332,0.24832728241264598,0.2925416654956297
frozenset({'洗面奶'}),frozenset({'面膜'}),0.06004,0.0611,0.01799,0.2996335776149234,4.903986540342444,1.0,0.014321556,1.3405839714625445,0.8469341983045604,0.17440620455647116,0.25405642519429483,0.2970344647485419
frozenset({'面膜'}),frozenset({'洗面奶'}),0.0611,0.06004,0.01799,0.29443535188216036,4.903986540342444,1.0,0.014321556,1.3322096033402921,0.8478903706873518,0.17440620455647116,0.2493673686988386,0.2970344647485419
frozenset({'充电器'}),frozenset({'笔记本电脑'}),0.05913,0.05902,0.01711,0.2893624217825131,4.9027858655119125,1.0,0.013620147400000001,1.3241348738695857,0.846061975406487,0.16933887569279493,0.2447899230403548,0.28963207500511623
frozenset({'笔记本电脑'}),frozenset({'充电器'}),0.05902,0.05913,0.01711,0.2899017282277194,4.9027858655119125,1.0,0.013620147400000001,1.324985621570031,0.8459630712668721,0.16933887569279493,0.2452748288580988,0.28963207500511623
frozenset({'连衣裙'}),frozenset({'T恤'}),0.0609,0.06009,0.01794,0.29458128078817736,4.902334511369236,1.0,0.014280519000000002,1.3324143156424582,0.8476366221269992,0.1740902474526929,0.2494826959902303,0.2965667262652819
frozenset({'T恤'}),frozenset({'连衣裙'}),0.06009,0.0609,0.01794,0.29855217174238646,4.902334511369236,1.0,0.014280519000000002,1.3388023487544485,0.8469061419066346,0.1740902474526929,0.25306375438439616,0.2965667262652819
frozenset({'巧克力'}),frozenset({'面包'}),0.05957,0.05952,0.01737,0.2915897263723351,4.899020940395415,1.0,0.0138243936,1.3275922654028436,0.8462911455802096,0.17076287848997246,0.24675668421692656,0.29171220189584496
frozenset({'面包'}),frozenset({'巧克力'}),0.05952,0.05957,0.01737,0.2918346774193548,4.899020940395414,1.0,0.0138243936,1.327980868327402,0.8462461530686423,0.17076287848997246,0.24697710347325671,0.29171220189584496
frozenset({'牛奶'}),frozenset({'速食面'}),0.0605,0.05888,0.01745,0.2884297520661157,4.898603126122889,1.0,0.01388776,1.322596051103368,0.8471103479720817,0.1711959187677818,0.24391124624502267,0.29239762059827523
frozenset({'速食面'}),frozenset({'牛奶'}),0.05888,0.0605,0.01745,0.29636548913043476,4.898603126122889,1.0,0.01388776,1.3352102341298577,0.8456521717950641,0.1711959187677818,0.25105427262419877,0.29239762059827523
frozenset({'笔记本电脑'}),frozenset({'平板电脑'}),0.05902,0.06007,0.01736,0.2941375804811928,4.896580330967086,1.0,0.0138146686,1.3316051032165146,0.8456883685241183,0.17064779317802026,0.24902660887639802,0.2915668758074351
frozenset({'平板电脑'}),frozenset({'笔记本电脑'}),0.06007,0.05902,0.01736,0.28899617113367737,4.896580330967085,1.0,0.0138146686,1.3234527885741045,0.8466330907767863,0.17064779317802026,0.2444007004757565,0.2915668758074351
frozenset({'果汁'}),frozenset({'饼干'}),0.05967,0.05936,0.01734,0.2905982905982906,4.895523763448292,1.0,0.013797988800000001,1.3259624096385545,0.8462260745758217,0.17051824171501623,0.24583080732085666,0.29135709678162514
frozenset({'饼干'}),frozenset({'果汁'}),0.05936,0.05967,0.01734,0.2921159029649596,4.895523763448292,1.0,0.013797988800000001,1.3283671775345074,0.845947189898242,0.17051824171501623,0.24719609388720937,0.29135709678162514
frozenset({'毛巾'}),frozenset({'收纳盒'}),0.05985,0.0603,0.01766,0.29507101086048454,4.893383264684652,1.0,0.014051044999999998,1.3330420715809435,0.8462930513546035,0.17230949360913256,0.24983612946736677,0.2939699996259305
frozenset({'收纳盒'}),frozenset({'毛巾'}),0.0603,0.05985,0.01766,0.29286898839137643,4.893383264684652,1.0,0.014051044999999998,1.3295273217636023,0.8466983209865176,0.17230949360913256,0.2478529898328739,0.2939699996259305
frozenset({'休闲裤'}),frozenset({'外套'}),0.06005,0.05958,0.0175,0.2914238134887594,4.891302676884179,1.0,0.013922221000000002,1.3271967332549943,0.8463806433472906,0.17135023989033588,0.24653220208923607,0.29257326961782715
frozenset({'外套'}),frozenset({'休闲裤'}),0.05958,0.06005,0.0175,0.29372272574689495,4.891302676884179,1.0,0.013922221000000002,1.3308512595057034,0.8459576420262072,0.17135023989033588,0.24860122958337674,0.29257326961782715
frozenset({'外套'}),frozenset({'连衣裙'}),0.05958,0.0609,0.01774,0.2977509231285666,4.889177719680896,1.0,0.014111578,1.3372748087954112,0.8458631559163029,0.17266887288300564,0.25221054533975784,0.2945240658335772
frozenset({'连衣裙'}),frozenset({'外套'}),0.0609,0.05958,0.01774,0.2912972085385878,4.889177719680896,1.0,0.014111578,1.326959638554217,0.8470521021050043,0.17266887288300564,0.24639757612405927,0.2945240658335772
frozenset({'收纳盒'}),frozenset({'床单'}),0.0603,0.06073,0.0179,0.296849087893864,4.8880139616970855,1.0,0.014237981,1.3358014386792454,0.8464594370127635,0.1735673421894696,0.2513857441351943,0.2957981648920991
frozenset({'床单'}),frozenset({'收纳盒'}),0.06073,0.0603,0.0179,0.29474724189033424,4.8880139616970855,1.0,0.014237981,1.332430095727294,0.8468469481202359,0.1735673421894696,0.24949158443155714,0.2957981648920991
frozenset({'相机'}),frozenset({'手机'}),0.05941,0.0598,0.01736,0.2922066992088874,4.886399652322532,1.0,0.013807282,1.3283539120095127,0.8455866484037888,0.170446735395189,0.24718857605710212,0.2912538512766845
frozenset({'手机'}),frozenset({'相机'}),0.0598,0.05941,0.01736,0.2903010033444816,4.886399652322532,1.0,0.013807282,1.3253365221489162,0.8459374022783661,0.170446735395189,0.24547465244631733,0.2912538512766845
frozenset({'糖果'}),frozenset({'面包'}),0.05952,0.05952,0.01731,0.29082661290322576,4.886199813562261,1.0,0.013767369599999999,1.3261636958066807,0.8456766499410605,0.1701562960778531,0.2459452757137055,0.29082661290322576
frozenset({'面包'}),frozenset({'糖果'}),0.05952,0.05952,0.01731,0.29082661290322576,4.886199813562261,1.0,0.013767369599999999,1.3261636958066807,0.8456766499410605,0.1701562960778531,0.2459452757137055,0.29082661290322576
frozenset({'T恤'}),frozenset({'袜子'}),0.06009,0.06044,0.01773,0.2950574138791812,4.881823525466268,1.0,0.0140981604,1.3328177620396602,0.8459943090277877,0.17247081712062257,0.2497098789637503,0.2942030947622246
frozenset({'袜子'}),frozenset({'T恤'}),0.06044,0.06009,0.01773,0.293348775645268,4.881823525466268,1.0,0.0140981604,1.330090386326387,0.846309454423675,0.17247081712062257,0.248171394756166,0.2942030947622246
frozenset({'果汁'}),frozenset({'速食面'}),0.05967,0.05888,0.01715,0.2874141109435227,4.8813537864049374,1.0,0.013636630399999999,1.3207109689557854,0.8455954811968344,0.16913214990138065,0.24283206280126096,0.2893422456891527
frozenset({'速食面'}),frozenset({'果汁'}),0.05888,0.05967,0.01715,0.2912703804347826,4.881353786404937,1.0,0.013636630399999999,1.3267824203211118,0.8448856669009469,0.16913214990138065,0.24629691750213498,0.2893422456891527
frozenset({'马克杯'}),frozenset({'床单'}),0.05989,0.06073,0.01775,0.2963766905994323,4.880235313674169,1.0,0.014112880299999998,1.3349046108210727,0.8457434213946495,0.17254787595994944,0.25088280324021023,0.2943269917676891
frozenset({'床单'}),frozenset({'马克杯'}),0.06073,0.05989,0.01775,0.29227729293594595,4.880235313674168,1.0,0.014112880299999998,1.3283592438343415,0.8464997794961235,0.17254787595994944,0.24719159772361315,0.2943269917676891
frozenset({'相机'}),frozenset({'耳机'}),0.05941,0.0595,0.01725,0.2903551590641307,4.8799186397332885,1.0,0.013715105000000002,1.325310839658444,0.8452976862656818,0.16968325791855207,0.24546003090285026,0.2901355627253427
frozenset({'耳机'}),frozenset({'相机'}),0.0595,0.05941,0.01725,0.28991596638655465,4.8799186397332885,1.0,0.013715105000000002,1.3246178698224853,0.845378575996425,0.16968325791855207,0.24506529559803383,0.2901355627253427
frozenset({'外套'}),frozenset({'内衣'}),0.05958,0.05904,0.01716,0.2880161127895267,4.878321693589545,1.0,0.013642396800000001,1.3216029420084865,0.8453791588135817,0.16913069189828506,0.24334308874928445,0.2893332596467959
frozenset({'内衣'}),frozenset({'外套'}),0.05904,0.05958,0.01716,0.29065040650406504,4.878321693589544,1.0,0.013642396800000001,1.3257496848137535,0.844894010937201,0.16913069189828506,0.24570979615923208,0.2893332596467959
frozenset({'智能手表'}),frozenset({'笔记本电脑'}),0.05992,0.05902,0.01725,0.2878838451268358,4.877733736476377,1.0,0.0137135216,1.321385554253574,0.845658624181229,0.16963319893794868,0.24321860733154346,0.29007882530825013
frozenset({'笔记本电脑'}),frozenset({'智能手表'}),0.05902,0.05992,0.01725,0.29227380548966453,4.877733736476377,1.0,0.0137135216,1.3283103088340915,0.8448497942786136,0.16963319893794868,0.24716386423460188,0.29007882530825013
frozenset({'饼干'}),frozenset({'面包'}),0.05936,0.05952,0.01723,0.2902628032345013,4.876727204880734,1.0,0.013696892799999999,1.3251102017564682,0.8451101863988183,0.16950319724545004,0.24534578431705226,0.2898726650581108
frozenset({'面包'}),frozenset({'饼干'}),0.05952,0.05936,0.01723,0.2894825268817204,4.8767272048807335,1.0,0.013696892799999999,1.3238801797115156,0.845253961524099,0.16950319724545004,0.24464463225221167,0.2898726650581108
frozenset({'充电器'}),frozenset({'音箱'}),0.05913,0.0601,0.01733,0.29308303737527486,4.876589640187602,1.0,0.013776287000000002,1.3295762440191388,0.8448974473423699,0.1700686947988224,0.247880665363629,0.2907178913997839
frozenset({'音箱'}),frozenset({'充电器'}),0.0601,0.05913,0.01733,0.28835274542429284,4.876589640187601,1.0,0.013776287000000002,1.3221016366612113,0.845769402363034,0.1700686947988224,0.24362849854314925,0.2907178913997839
frozenset({'T恤'}),frozenset({'毛衣'}),0.06009,0.06024,0.01765,0.29372607755034114,4.875930902230098,1.0,0.0140301784,1.330588557964185,0.8457309290326545,0.17189326061550447,0.2484528789801025,0.29336038273267384
frozenset({'毛衣'}),frozenset({'T恤'}),0.06024,0.06009,0.01765,0.2929946879150066,4.875930902230098,1.0,0.0140301784,1.3294242404320262,0.8458659205617202,0.17189326061550447,0.24779466961199115,0.29336038273267384
frozenset({'袜子'}),frozenset({'牛仔裤'}),0.06044,0.06144,0.0181,0.299470549305096,4.874195138429297,1.0,0.014386566400000002,1.3397866414737836,0.8459682432755052,0.17440740026980153,0.25361250139053015,0.29703345173588136
frozenset({'牛仔裤'}),frozenset({'袜子'}),0.06144,0.06044,0.0181,0.2945963541666667,4.874195138429297,1.0,0.014386566400000002,1.3319466174434702,0.8468695902786543,0.17440740026980153,0.2492191602097436,0.29703345173588136
frozenset({'T恤'}),frozenset({'外套'}),0.06009,0.05958,0.01745,0.290397736728241,4.874080844717035,1.0,0.0138698378,1.3252776219512197,0.845648106465354,0.1707102328311485,0.24544111857280895,0.2916406273436438
frozenset({'外套'}),frozenset({'T恤'}),0.05958,0.06009,0.01745,0.29288351795904666,4.874080844717035,1.0,0.0138698378,1.3292152338001424,0.8451895022945609,0.1707102328311485,0.24767639237697933,0.2916406273436438
frozenset({'游戏机'}),frozenset({'充电器'}),0.06047,0.05913,0.01742,0.28807673226393254,4.871921736241037,1.0,0.0138444089,1.3215890569105693,0.8458933585316244,0.17048346055979643,0.24333513903507661,0.29134091982721405
frozenset({'充电器'}),frozenset({'游戏机'}),0.05913,0.06047,0.01742,0.29460510739049556,4.871921736241037,1.0,0.0138444089,1.3319206161591945,0.8446886255712448,0.17048346055979643,0.24920450373111616,0.29134091982721405
frozenset({'衬衫'}),frozenset({'牛仔裤'}),0.06118,0.06144,0.01831,0.2992808107224583,4.871106945352512,1.0,0.0145511008,1.3394238581758804,0.8464965101211043,0.17553446457674238,0.25341034214377167,0.2986475668195625
frozenset({'牛仔裤'}),frozenset({'衬衫'}),0.06144,0.06118,0.01831,0.29801432291666663,4.871106945352511,1.0,0.0145511008,1.3373777138882448,0.8467310066824658,0.17553446457674238,0.25226808431506215,0.2986475668195625
frozenset({'口红'}),frozenset({'洗面奶'}),0.06037,0.06004,0.01765,0.292363756832864,4.869482958575349,1.0,0.014025385199999999,1.3283095786516854,0.8456939306982355,0.17175943947061112,0.24716345039455292,0.2931672215210289
frozenset({'洗面奶'}),frozenset({'口红'}),0.06004,0.06037,0.01765,0.29397068620919387,4.869482958575349,1.0,0.014025385199999999,1.3308654210898796,0.8453970255138336,0.17175943947061112,0.24860922513031072,0.2931672215210289
frozenset({'零食'}),frozenset({'巧克力'}),0.06006,0.05957,0.01742,0.29004329004329005,4.86894896832785,1.0,0.013842225800000002,1.3246300609756099,0.8453910522710405,0.1704334213873398,0.24507224359419633,0.2912361825405304
frozenset({'巧克力'}),frozenset({'零食'}),0.05957,0.06006,0.01742,0.2924290750377707,4.86894896832785,1.0,0.013842225800000002,1.3284039335705813,0.8449505711979007,0.1704334213873398,0.24721692346082805,0.2912361825405304
frozenset({'马克杯'}),frozenset({'枕头'}),0.05989,0.0595,0.01735,0.2896977792619803,4.868870239697149,1.0,0.013786545,1.3240842736248237,0.845234647720573,0.17003136025088203,0.24476106247951124,0.29064720895872126
frozenset({'枕头'}),frozenset({'马克杯'}),0.0595,0.05989,0.01735,0.2915966386554622,4.868870239697149,1.0,0.013786545,1.3270829181494663,0.844884151694405,0.17003136025088203,0.24646758215045284,0.29064720895872126
frozenset({'面膜'}),frozenset({'眼影'}),0.0611,0.06007,0.01787,0.29247135842880523,4.8688423244349135,1.0,0.014199723000000001,1.3284691880638446,0.8463226830287477,0.1729912875121007,0.24725390021470237,0.29497881222588923
frozenset({'眼影'}),frozenset({'面膜'}),0.06007,0.0611,0.01787,0.29748626602297323,4.8688423244349135,1.0,0.014199723000000001,1.336486327014218,0.845395260387147,0.1729912875121007,0.25176937482476647,0.29497881222588923
frozenset({'连衣裙'}),frozenset({'袜子'}),0.0609,0.06044,0.01792,0.29425287356321833,4.868512137048616,1.0,0.014239203999999998,1.3312983713355049,0.8461276088808433,0.17327402823438404,0.24885358419176887,0.29537263135473957
frozenset({'袜子'}),frozenset({'连衣裙'}),0.06044,0.0609,0.01792,0.29649238914626075,4.868512137048616,1.0,0.014239203999999998,1.3348825023518345,0.8457133525267148,0.17327402823438404,0.2508703962796941,0.29537263135473957
frozenset({'面包'}),frozenset({'水果'}),0.05952,0.0596,0.01727,0.2901545698924731,4.8683652666522335,1.0,0.013722608,1.3247954556213017,0.8448794667405357,0.16956308296514483,0.24516649286736827,0.289959835281807
frozenset({'水果'}),frozenset({'面包'}),0.0596,0.05952,0.01727,0.289765100671141,4.8683652666522335,1.0,0.013722608,1.3241816206000474,0.8449513407913005,0.16956308296514483,0.24481658373505122,0.289959835281807
frozenset({'马克杯'}),frozenset({'毛巾'}),0.05989,0.05985,0.01745,0.2913675070963433,4.868295857917182,1.0,0.0138655835,1.3267102615457116,0.8452088716436554,0.17059341089060515,0.24625592415714861,0.29146487301350166
frozenset({'毛巾'}),frozenset({'马克杯'}),0.05985,0.05989,0.01745,0.29156223893065997,4.868295857917181,1.0,0.0138655835,1.327018478773585,0.8451729110470849,0.17059341089060515,0.24643099098048096,0.29146487301350166
frozenset({'游戏机'}),frozenset({'音箱'}),0.06047,0.0601,0.01769,0.292541756242765,4.867583298548503,1.0,0.014055753,1.3285589761570826,0.8456986392237529,0.17194790046656297,0.24730477310646348,0.2934422591529965
frozenset({'音箱'}),frozenset({'游戏机'}),0.0601,0.06047,0.01769,0.29434276206322796,4.867583298548502,1.0,0.014055753,1.3314254421127092,0.8453657224278035,0.17194790046656297,0.24892527334223277,0.2934422591529965
frozenset({'面膜'}),frozenset({'粉底液'}),0.0611,0.05925,0.01762,0.288379705400982,4.867168023645267,1.0,0.013999825,1.321983095676173,0.8462474320602913,0.17151757032999124,0.2435606754195929,0.2928818358228539
frozenset({'粉底液'}),frozenset({'面膜'}),0.05925,0.0611,0.01762,0.29738396624472574,4.867168023645266,1.0,0.013999825,1.336291736728321,0.8445832728795191,0.17151757032999124,0.2516604177705035,0.2928818358228539
frozenset({'智能手表'}),frozenset({'耳机'}),0.05992,0.0595,0.01735,0.28955273698264355,4.866432554330144,1.0,0.01378476,1.3238139534883722,0.845152181542217,0.16998138532379742,0.24460684421333712,0.2905746878190529
frozenset({'耳机'}),frozenset({'智能手表'}),0.0595,0.05992,0.01735,0.2915966386554622,4.866432554330143,1.0,0.01378476,1.327040569395018,0.8447747611102685,0.16998138532379742,0.24644353529004148,0.2905746878190529
frozenset({'衬衫'}),frozenset({'毛衣'}),0.06118,0.06024,0.01793,0.29306963059823476,4.865033708470032,1.0,0.014244516800000002,1.329352989595376,0.8462235341815152,0.17325345444004253,0.24775435281160588,0.2953561964412157
frozenset({'毛衣'}),frozenset({'衬衫'}),0.06024,0.06118,0.01793,0.29764276228419656,4.865033708470032,1.0,0.014244516800000002,1.3366702150791776,0.8453770945350835,0.17325345444004253,0.2518723102236814,0.2953561964412157
frozenset({'零食'}),frozenset({'糖果'}),0.06006,0.05952,0.01739,0.2895437895437895,4.8646470017437755,1.0,0.013815228799999999,1.3237691305366768,0.845197819693702,0.17017320677169975,0.2445812665275067,0.2908572442342603
frozenset({'糖果'}),frozenset({'零食'}),0.05952,0.06006,0.01739,0.29217069892473113,4.864647001743775,1.0,0.013815228799999999,1.327919031568953,0.844712528329043,0.17017320677169975,0.24694203770956777,0.2908572442342603
frozenset({'电视'}),frozenset({'相机'}),0.06,0.05941,0.01733,0.2888333333333334,4.861695561914382,1.0,0.013765400000000002,1.3226013592688073,0.8450111109746965,0.1697688087774295,0.24391428075286084,0.2902675335240981
frozenset({'相机'}),frozenset({'电视'}),0.05941,0.06,0.01733,0.29170173371486285,4.861695561914381,1.0,0.013765400000000002,1.327124524714829,0.8444810643492007,0.1697688087774295,0.24649120607964134,0.2902675335240981
frozenset({'果汁'}),frozenset({'零食'}),0.05967,0.06006,0.01742,0.2919389978213508,4.860789174514665,1.0,0.0138362198,1.3274844923076923,0.8446737736244071,0.17026683608640408,0.246695531439614,0.2909911439323204
frozenset({'零食'}),frozenset({'果汁'}),0.06006,0.05967,0.01742,0.29004329004329005,4.8607891745146645,1.0,0.0138362198,1.3244892073170733,0.8450242457521105,0.17026683608640408,0.24499196031530426,0.2909911439323204
frozenset({'洗发水'}),frozenset({'面膜'}),0.06028,0.0611,0.0179,0.29694757796947574,4.860025826014333,1.0,0.014216891999999998,1.335462293534686,0.8451876905209135,0.17298028604561266,0.25119563102511,0.29495496738080984
frozenset({'面膜'}),frozenset({'洗发水'}),0.0611,0.06028,0.0179,0.292962356792144,4.860025826014333,1.0,0.014216891999999998,1.3290947222222222,0.8459258457091414,0.17298028604561266,0.24760817774671603,0.29495496738080984
frozenset({'内衣'}),frozenset({'毛衣'}),0.05904,0.06024,0.01728,0.2926829268292683,4.858614323195025,1.0,0.0137234304,1.3286262068965518,0.8440103723856487,0.16941176470588237,0.24734286076154363,0.2897677582353513
frozenset({'毛衣'}),frozenset({'内衣'}),0.06024,0.05904,0.01728,0.28685258964143423,4.858614323195024,1.0,0.0137234304,1.3194467039106146,0.8450881076019409,0.16941176470588237,0.24210656100305455,0.2897677582353513
frozenset({'果汁'}),frozenset({'肉类'}),0.05967,0.06003,0.0174,0.2916038210155857,4.857634866160015,1.0,0.013818009899999999,1.3268987437899218,0.8445317069539418,0.17008797653958943,0.24636299138864612,0.2907294467396769
frozenset({'肉类'}),frozenset({'果汁'}),0.06003,0.05967,0.0174,0.28985507246376807,4.857634866160015,1.0,0.013818009899999999,1.324138163265306,0.8448551549517538,0.17008797653958943,0.2447917991170845,0.2907294467396769
frozenset({'充电器'}),frozenset({'耳机'}),0.05913,0.0595,0.01709,0.28902418400135294,4.857549310947109,1.0,0.013571765000000001,1.322829804947669,0.8440431453818658,0.16830805593854642,0.2440448527393439,0.28812553737882773
frozenset({'耳机'}),frozenset({'充电器'}),0.0595,0.05913,0.01709,0.28722689075630253,4.857549310947109,1.0,0.013571765000000001,1.320013322329639,0.8443751985065773,0.16830805593854642,0.24243188831220308,0.28812553737882773
frozenset({'香水'}),frozenset({'指甲油'}),0.05909,0.06015,0.01726,0.2920968014892537,4.856139675631815,1.0,0.013705736500000001,1.3276532751613674,0.8439437521918729,0.16924887232790745,0.24679129806804673,0.28952304746116886
frozenset({'指甲油'}),frozenset({'香水'}),0.06015,0.05909,0.01726,0.28694929343308395,4.856139675631815,1.0,0.013705736500000001,1.3195555257635814,0.8448955853326119,0.16924887232790745,0.24216906338872363,0.28952304746116886
frozenset({'饼干'}),frozenset({'水果'}),0.05936,0.0596,0.01717,0.28925202156334234,4.853221838311113,1.0,0.013632144,1.3231131547760133,0.8440543783223763,0.16868061695647904,0.24420674347441765,0.288669634942745
frozenset({'水果'}),frozenset({'饼干'}),0.0596,0.05936,0.01717,0.28808724832214766,4.8532218383111125,1.0,0.013632144,1.3212855055385342,0.8442697899034028,0.16868061695647904,0.24316130328515442,0.288669634942745
frozenset({'面膜'}),frozenset({'口红'}),0.0611,0.06037,0.0179,0.292962356792144,4.852780466989299,1.0,0.014211393,1.3289674305555554,0.8455986471747814,0.17282997006855266,0.24753611186546193,0.2947336216625951
frozenset({'口红'}),frozenset({'面膜'}),0.06037,0.0611,0.0179,0.2965048865330462,4.852780466989299,1.0,0.014211393,1.3346219213562514,0.8449417002781969,0.17282997006855266,0.2507241309330559,0.2947336216625951
frozenset({'餐具'}),frozenset({'灯具'}),0.05942,0.05925,0.01708,0.287445304611242,4.8513975461813,1.0,0.013559365000000002,1.3202495276334434,0.8440258447339011,0.1681267841322965,0.2425674245136774,0.28785767340266744
frozenset({'灯具'}),frozenset({'餐具'}),0.05925,0.05942,0.01708,0.28827004219409286,4.8513975461813,1.0,0.013559365000000002,1.3215405501541382,0.8438733234544914,0.1681267841322965,0.24330736587434654,0.28785767340266744
frozenset({'防晒霜'}),frozenset({'指甲油'}),0.06131,0.06015,0.01789,0.2917957918773446,4.851135359556851,1.0,0.0142022035,1.327088979732842,0.845713375718159,0.17273341701264844,0.24647102396908507,0.2946094503858876
frozenset({'指甲油'}),frozenset({'防晒霜'}),0.06015,0.06131,0.01789,0.2974231088944306,4.851135359556851,1.0,0.0142022035,1.336067285849503,0.8446695628588379,0.17273341701264844,0.25153470143969847,0.2946094503858876
frozenset({'眼影'}),frozenset({'口红'}),0.06007,0.06037,0.01758,0.29265856500749127,4.8477483022609125,1.0,0.013953574099999998,1.3283966603906803,0.8444444408133557,0.17091191911335796,0.2472128018555083,0.2919314027621521
frozenset({'口红'}),frozenset({'眼影'}),0.06037,0.06007,0.01758,0.291204240516813,4.8477483022609125,1.0,0.013953574099999998,1.3260942767001636,0.8447140504812504,0.17091191911335796,0.24590580204569804,0.2919314027621521
frozenset({'音箱'}),frozenset({'笔记本电脑'}),0.0601,0.05902,0.01718,0.2858569051580699,4.8433904635389675,1.0,0.013632898000000001,1.3176350885368129,0.8442739245660716,0.16853050814204434,0.24106453395191169,0.28847233600838096
frozenset({'笔记本电脑'}),frozenset({'音箱'}),0.05902,0.0601,0.01718,0.291087766858692,4.8433904635389675,1.0,0.013632898000000001,1.3258340822179733,0.8433049179575026,0.16853050814204434,0.2457578113189616,0.28847233600838096
frozenset({'面包'}),frozenset({'速食面'}),0.05952,0.05888,0.01695,0.28477822580645157,4.836586715462833,1.0,0.0134454624,1.3158436081747706,0.8434444320655693,0.1670773780187284,0.24003126679536255,0.2863259335553997
frozenset({'速食面'}),frozenset({'面包'}),0.05888,0.05952,0.01695,0.28787364130434784,4.836586715462833,1.0,0.0134454624,1.320664497972812,0.842870855437167,0.1670773780187284,0.24280541989659304,0.2863259335553997
frozenset({'耳机'}),frozenset({'音箱'}),0.0595,0.0601,0.01729,0.29058823529411765,4.835078790251542,1.0,0.01371405,1.3249004975124377,0.8433579347706771,0.16899618805590852,0.24522633822121254,0.28913771165704216
frozenset({'音箱'}),frozenset({'耳机'}),0.0601,0.0595,0.01729,0.28768718801996673,4.835078790251542,1.0,0.01371405,1.3203468815697268,0.8438963056195573,0.16899618805590852,0.24262327274850265,0.28913771165704216
frozenset({'糖果'}),frozenset({'水果'}),0.05952,0.0596,0.01715,0.288138440860215,4.834537598325755,1.0,0.013602607999999999,1.3210433797498229,0.8433512519380961,0.16818672158477982,0.2430225870482933,0.287945059356282
frozenset({'水果'}),frozenset({'糖果'}),0.0596,0.05952,0.01715,0.28775167785234895,4.834537598325755,1.0,0.013602607999999999,1.320438351001178,0.8434229959833481,0.16818672158477982,0.24267573776406615,0.287945059356282
frozenset({'防晒霜'}),frozenset({'粉底液'}),0.06131,0.05925,0.01755,0.2862502038819116,4.831227069736904,1.0,0.013917382499999999,1.318038905393053,0.8448084541896129,0.1703718085622755,0.24129705435228443,0.2912263677637406
frozenset({'粉底液'}),frozenset({'防晒霜'}),0.05925,0.06131,0.01755,0.29620253164556964,4.831227069736904,1.0,0.013917382499999999,1.333750179856115,0.8429585414437926,0.1703718085622755,0.25023440288654364,0.2912263677637406
frozenset({'零食'}),frozenset({'速食面'}),0.06006,0.05888,0.01708,0.2843822843822844,4.829862166818689,1.0,0.013543667200000001,1.3151155700325732,0.8436227355984007,0.16768113096406834,0.23961055378940457,0.28723190306070745
frozenset({'速食面'}),frozenset({'零食'}),0.05888,0.06006,0.01708,0.29008152173913043,4.829862166818688,1.0,0.013543667200000001,1.3240111770334928,0.842564980128316,0.16768113096406834,0.24471936691611212,0.28723190306070745
frozenset({'护肤霜'}),frozenset({'香水'}),0.06078,0.05909,0.01733,0.2851266864100033,4.825295082247476,1.0,0.013738509800000001,1.316191249712313,0.8440608038888711,0.16900721669592356,0.24023199499421127,0.28920406075450245
frozenset({'香水'}),frozenset({'护肤霜'}),0.05909,0.06078,0.01733,0.29328143509900156,4.825295082247475,1.0,0.013738509800000001,1.3289873036398467,0.8425447579773894,0.16900721669592356,0.24754736387534504,0.28920406075450245
frozenset({'窗帘'}),frozenset({'毛巾'}),0.06061,0.05985,0.01748,0.2884012539184953,4.818734401311534,1.0,0.0138524915,1.3211799559471364,0.8436076926886412,0.16974169741697415,0.2431008391410895,0.2902323729909937
frozenset({'毛巾'}),frozenset({'窗帘'}),0.05985,0.06061,0.01748,0.292063492063492,4.818734401311533,1.0,0.0138524915,1.3269410313901344,0.8429257357174733,0.16974169741697415,0.24638700865826976,0.2902323729909937
frozenset({'指甲油'}),frozenset({'洗面奶'}),0.06015,0.06004,0.01739,0.28911055694098087,4.81529908296104,1.0,0.013778593999999998,1.3222309167446211,0.8430372715257469,0.1691634241245136,0.24370245216922087,0.2893753983905437
frozenset({'洗面奶'}),frozenset({'指甲油'}),0.06004,0.06015,0.01739,0.28964023984010656,4.81529908296104,1.0,0.013778593999999998,1.3230619929660021,0.8429386140298238,0.1691634241245136,0.24417751751886638,0.2893753983905437
frozenset({'洗发水'}),frozenset({'粉底液'}),0.06028,0.05925,0.01719,0.2851692103516921,4.812982453193117,1.0,0.013618410000000001,1.3160457182640983,0.8430475261689105,0.16796951338675006,0.24014797805122737,0.2876478963150866
frozenset({'粉底液'}),frozenset({'洗发水'}),0.05925,0.06028,0.01719,0.29012658227848104,4.812982453193116,1.0,0.013618410000000001,1.3237853067047076,0.8421244977852231,0.16796951338675006,0.2445904974657143,0.2876478963150866
frozenset({'电视'}),frozenset({'充电器'}),0.06,0.05913,0.01707,0.2845,4.811432437003213,1.0,0.013522199999999998,1.3149825296995108,0.842725199117526,0.16725455614344503,0.23953362313603363,0.28659297311009635
frozenset({'充电器'}),frozenset({'电视'}),0.05913,0.06,0.01707,0.2886859462201928,4.811432437003213,1.0,0.013522199999999998,1.3214978601997145,0.8419459512690112,0.16725455614344503,0.2432829215108434,0.28659297311009635
frozenset({'手机'}),frozenset({'电视'}),0.0598,0.06,0.01724,0.2882943143812709,4.804905239687849,1.0,0.013652,1.320770676691729,0.8422456395958602,0.16809672386895477,0.24286629189496906,0.28781382385730214
frozenset({'电视'}),frozenset({'手机'}),0.06,0.0598,0.01724,0.28733333333333333,4.804905239687848,1.0,0.013652,1.3192703461178672,0.8424248407957744,0.16809672386895477,0.24200524711054386,0.28781382385730214
frozenset({'护肤霜'}),frozenset({'眼影'}),0.06078,0.06007,0.01754,0.2885817703191839,4.8040913986879294,1.0,0.0138889454,1.3212059528214617,0.8430869162715554,0.16978027296486303,0.24311573236218004,0.29028722276571817
frozenset({'眼影'}),frozenset({'护肤霜'}),0.06007,0.06078,0.01754,0.29199267521225236,4.8040913986879294,1.0,0.0138889454,1.326568196567129,0.8424500691546924,0.16978027296486303,0.24617520411857965,0.29028722276571817
frozenset({'羽绒服'}),frozenset({'连衣裙'}),0.05911,0.0609,0.01729,0.2925054982236508,4.803045947843199,1.0,0.013690200999999999,1.327360138689622,0.8415423539681591,0.16832165109034267,0.2466249581766061,0.28820677210033113
frozenset({'连衣裙'}),frozenset({'羽绒服'}),0.0609,0.05911,0.01729,0.28390804597701147,4.803045947843199,1.0,0.013690200999999999,1.3139234349919742,0.8431464012619541,0.16832165109034267,0.23892064532199458,0.28820677210033113
frozenset({'马克杯'}),frozenset({'灯具'}),0.05989,0.05925,0.01704,0.284521622975455,4.802052708446499,1.0,0.0134915175,1.3148545507584597,0.8421947663900883,0.16689520078354556,0.2394596045447303,0.2860582798421579
frozenset({'灯具'}),frozenset({'马克杯'}),0.05925,0.05989,0.01704,0.28759493670886077,4.802052708446499,1.0,0.0134915175,1.3196284648187635,0.8416218143300408,0.16689520078354556,0.24221095053649122,0.2860582798421579
frozenset({'防晒霜'}),frozenset({'洗面奶'}),0.06131,0.06004,0.01767,0.2882074702332409,4.800257665443719,1.0,0.013988947600000001,1.3205533363886344,0.8433858350066216,0.17042824074074076,0.24274168074518157,0.29125563385079767
frozenset({'洗面奶'}),frozenset({'防晒霜'}),0.06004,0.06131,0.01767,0.29430379746835444,4.800257665443719,1.0,0.013988947600000001,1.3301616143497759,0.8422463184203217,0.17042824074074076,0.24821165397346776,0.29125563385079767
frozenset({'餐具'}),frozenset({'地毯'}),0.05942,0.05887,0.01678,0.28239649949511947,4.796950900205869,1.0,0.0132819446,1.3114902579737335,0.8415384583412396,0.1653039109447345,0.2375086327023041,0.2837156609926761
frozenset({'地毯'}),frozenset({'餐具'}),0.05887,0.05942,0.01678,0.2850348224902327,4.796950900205869,1.0,0.0132819446,1.3155605749584223,0.8410466600221044,0.1653039109447345,0.2398677650919993,0.2837156609926761
frozenset({'外套'}),frozenset({'毛衣'}),0.05958,0.06024,0.0172,0.2886874790198053,4.792288828350022,1.0,0.013610900799999999,1.3211633034450212,0.8414659852623987,0.1676086532839602,0.24309129886333242,0.2871060237064498
frozenset({'毛衣'}),frozenset({'外套'}),0.06024,0.05958,0.0172,0.28552456839309426,4.792288828350021,1.0,0.013610900799999999,1.3162384014869888,0.8420569526905435,0.1676086532839602,0.24025921225951624,0.2871060237064498
frozenset({'洗发水'}),frozenset({'眼影'}),0.06028,0.06007,0.01734,0.287657597876576,4.78870647372359,1.0,0.0137189804,1.3194918584070798,0.841926680557771,0.16833317153674404,0.24213249696953604,0.288160412056317
frozenset({'眼影'}),frozenset({'洗发水'}),0.06007,0.06028,0.01734,0.28866322623605795,4.788706473723589,1.0,0.0137189804,1.3210620266791482,0.8417385765469222,0.16833317153674404,0.24303327186402113,0.288160412056317
frozenset({'肉类'}),frozenset({'巧克力'}),0.06003,0.05957,0.01704,0.28385807096451776,4.7651178607439615,1.0,0.013464012899999999,1.3131894138171667,0.8406030002156197,0.16614664586583464,0.23849523193062508,0.28495404807248886
frozenset({'巧克力'}),frozenset({'肉类'}),0.05957,0.06003,0.01704,0.28605002518045997,4.765117860743961,1.0,0.013464012899999999,1.316576837526452,0.8401918293894027,0.16614664586583464,0.24045450937844823,0.28495404807248886
frozenset({'T恤'}),frozenset({'羽绒服'}),0.06009,0.05911,0.0169,0.28124479946746545,4.7579901787762715,1.0,0.013348080099999998,1.3090548761287333,0.8403221849454425,0.1652003910068426,0.23609008435360718,0.2835762146550658
frozenset({'羽绒服'}),frozenset({'T恤'}),0.05911,0.06009,0.0169,0.28590762984266616,4.7579901787762715,1.0,0.013348080099999998,1.316230279554608,0.8394469330655773,0.1652003910068426,0.24025452420196206,0.2835762146550658
